entry_time,direction,r,exit_reason
2015-01-14 11:15:00+00:00,-1,-1.0699999999999945,SL
2015-01-16 08:00:00+00:00,-1,-0.08974358974358235,SL
2015-01-19 08:00:00+00:00,-1,-1.0979020979021026,SL
2015-01-22 08:00:00+00:00,-1,-1.1196581196580984,SL
2015-01-23 08:00:00+00:00,-1,1.9784946236556775,TP
2015-01-26 08:00:00+00:00,-1,-1.0603448275861995,SL
2015-01-28 14:15:00+00:00,-1,1.982142857143027,TP
2015-01-29 08:00:00+00:00,-1,-0.09150326797384714,SL
2015-02-04 08:00:00+00:00,1,-1.1014492753623155,SL
2015-02-05 09:15:00+00:00,1,-0.07777777777777063,SL
2015-02-06 08:00:00+00:00,1,-0.17499999999995694,SL
2015-02-09 08:00:00+00:00,-1,-1.1320754716980952,SL
2015-02-13 08:00:00+00:00,1,-1.1102362204724423,SL
2015-02-16 08:00:00+00:00,1,-1.1359223300970651,SL
2015-02-17 09:15:00+00:00,1,-0.09150326797384714,SL
2015-02-19 08:00:00+00:00,1,1.947916666666371,TP
2015-02-20 08:15:00+00:00,-1,-1.1052631578947245,SL
2015-02-23 10:15:00+00:00,-1,-1.0897435897435823,SL
2015-02-27 08:00:00+00:00,-1,-0.16279069767439008,SL
2015-03-02 08:00:00+00:00,-1,-1.1728395061728307,SL
2015-03-04 14:15:00+00:00,-1,1.9756097560974268,TP
2015-03-05 08:00:00+00:00,-1,-0.11864406779660498,SL
2015-03-06 09:15:00+00:00,-1,1.967479674796569,TP
2015-03-09 08:00:00+00:00,-1,-1.1505376344086105,SL
2015-03-10 08:00:00+00:00,-1,1.9703703703703694,TP
2015-03-11 08:00:00+00:00,-1,1.9799999999998963,TP
2015-03-13 08:00:00+00:00,-1,-0.08749999999999061,SL
2015-03-16 08:00:00+00:00,-1,-1.0682926829268202,SL
2015-03-23 08:00:00+00:00,1,1.9870689655171743,TP
2015-03-24 08:00:00+00:00,1,1.9760765550239974,TP
2015-03-26 08:00:00+00:00,1,1.9767441860466402,TP
2015-03-31 07:00:00+00:00,-1,1.9800000000003375,TP
2015-04-06 07:00:00+00:00,1,1.9560439560439544,TP
2015-04-09 07:00:00+00:00,-1,1.9692307692311073,TP
2015-04-10 07:00:00+00:00,-1,1.967479674796569,TP
2015-04-13 07:00:00+00:00,-1,1.9718309859154926,TP
2015-04-15 07:15:00+00:00,-1,1.9710144927537827,TP
2015-04-16 07:15:00+00:00,-1,1.9850000000000327,TP
2015-04-17 07:00:00+00:00,1,1.977272727272727,TP
2015-04-21 14:15:00+00:00,1,1.9748743718593742,TP
2015-04-22 08:15:00+00:00,1,1.9756097560974268,TP
2015-04-23 07:15:00+00:00,-1,-1.0853658536585369,SL
2015-04-24 07:00:00+00:00,1,-0.06999999999998666,SL
2015-04-27 07:00:00+00:00,1,-0.09589041095889547,SL
2015-04-28 07:00:00+00:00,1,1.9593495934962375,TP
2015-04-29 07:00:00+00:00,1,1.9607843137252734,TP
2015-04-30 07:00:00+00:00,1,1.9817073170730763,TP
2015-05-01 07:00:00+00:00,1,-1.0927152317880646,SL
2015-05-05 12:15:00+00:00,1,1.9862385321102227,TP
2015-05-06 07:00:00+00:00,1,-1.0886075949366942,SL
2015-05-07 07:00:00+00:00,1,1.9735099337749797,TP
2015-05-08 12:15:00+00:00,1,-1.1206030150753699,SL
2015-05-12 09:15:00+00:00,1,-1.0624999999999947,SL
2015-05-13 07:00:00+00:00,1,-1.0945945945945919,SL
2015-05-14 07:00:00+00:00,1,-0.07486631016042039,SL
2015-05-15 07:00:00+00:00,1,-1.0828402366863745,SL
2015-05-18 07:00:00+00:00,1,-1.102941176470578,SL
2015-05-20 07:00:00+00:00,-1,-1.0736842105263096,SL
2015-05-21 07:00:00+00:00,-1,-1.0864197530864035,SL
2015-05-22 12:15:00+00:00,-1,1.9842105263157073,TP
2015-05-25 07:00:00+00:00,-1,1.9674796747971048,TP
2015-05-26 07:00:00+00:00,-1,-1.0927152317880782,SL
2015-05-27 07:00:00+00:00,-1,-0.08536585365853695,SL
2015-06-01 08:15:00+00:00,-1,-0.07909604519773168,SL
2015-06-03 07:00:00+00:00,1,-1.0725388601036216,SL
2015-06-04 07:00:00+00:00,1,1.9729729729726757,TP
2015-06-08 07:15:00+00:00,1,-0.057142857142851174,SL
2015-06-09 07:00:00+00:00,1,-1.0669856459330116,SL
2015-06-10 07:15:00+00:00,1,1.9837398373981943,TP
2015-06-18 07:00:00+00:00,1,1.98101265822761,TP
2015-06-19 13:15:00+00:00,1,-0.06666666666666171,SL
2015-06-22 07:00:00+00:00,1,-1.1102362204724423,SL
2015-06-24 07:00:00+00:00,-1,-1.0804597701149328,SL
2015-06-30 07:00:00+00:00,-1,-1.079545454545449,SL
2015-07-02 07:00:00+00:00,-1,1.9606299212599623,TP
2015-07-03 12:15:00+00:00,-1,-0.12173913043477469,SL
2015-07-07 10:15:00+00:00,-1,-0.06999999999999443,SL
2015-07-08 10:15:00+00:00,-1,-0.0642201834862314,SL
2015-07-09 07:15:00+00:00,-1,1.9786096256684496,TP
2015-07-14 07:00:00+00:00,-1,-1.0818713450292285,SL
2015-07-16 07:00:00+00:00,-1,1.9650349650349201,TP
2015-07-17 07:00:00+00:00,-1,-1.1346153846153544,SL
2015-07-20 07:00:00+00:00,-1,-1.152173913043461,SL
2015-07-21 07:00:00+00:00,-1,-1.1386138613861034,SL
2015-07-22 13:15:00+00:00,-1,1.9830508474575392,TP
2015-07-27 07:00:00+00:00,1,1.9712230215827338,TP
2015-07-28 07:00:00+00:00,1,-0.11666666666667033,SL
2015-07-29 08:15:00+00:00,1,-0.10769230769231108,SL
2015-07-31 07:00:00+00:00,-1,1.9621212121213305,TP
2015-08-05 07:00:00+00:00,-1,1.9663865546218495,TP
2015-08-06 07:15:00+00:00,-1,1.9646017699113103,TP
2015-08-07 12:15:00+00:00,-1,-1.2105263157894695,SL
2015-08-11 07:15:00+00:00,1,1.9835164835166408,TP
2015-08-12 08:15:00+00:00,1,1.9793814432989696,TP
2015-08-13 07:00:00+00:00,1,-1.0945945945945919,SL
2015-08-19 07:00:00+00:00,1,-1.1458333333333446,SL
2015-08-20 07:00:00+00:00,1,-1.1186440677965825,SL
2015-08-21 07:00:00+00:00,1,-1.0979020979021026,SL
2015-08-24 07:00:00+00:00,1,-0.058333333333329775,SL
2015-08-26 07:00:00+00:00,1,-1.0630630630630613,SL
2015-09-01 11:15:00+00:00,-1,-0.06763285024154005,SL
2015-09-02 07:15:00+00:00,-1,-0.08695652173912957,SL
2015-09-03 07:00:00+00:00,-1,-1.1372549019607707,SL
2015-09-04 07:00:00+00:00,-1,-1.1272727272727057,SL
2015-09-10 09:15:00+00:00,-1,-0.08187134502922852,SL
2015-09-11 07:00:00+00:00,1,1.9732142857141464,TP
2015-09-14 07:00:00+00:00,1,-1.132075471698123,SL
2015-09-16 14:15:00+00:00,1,-0.08092485549132268,SL
2015-09-17 07:15:00+00:00,1,1.9701492537311802,TP
2015-09-18 07:00:00+00:00,1,1.9586776859505401,TP
2015-09-22 07:00:00+00:00,-1,-1.128440366972463,SL
2015-09-23 07:00:00+00:00,-1,-1.1176470588235177,SL
2015-09-25 07:00:00+00:00,-1,1.9758064516131333,TP
2015-09-30 15:15:00+00:00,-1,-0.06896551724136715,SL
2015-10-02 08:15:00+00:00,-1,-0.23300970873782315,SL
2015-10-05 07:15:00+00:00,1,1.9672131147535583,TP
2015-10-07 07:00:00+00:00,1,-1.1443298969071847,SL
2015-10-08 10:15:00+00:00,1,-1.0921052631578896,SL
2015-10-09 07:00:00+00:00,1,1.9673913043478986,TP
2015-10-13 07:00:00+00:00,1,1.9583333333337896,TP
2015-10-14 07:00:00+00:00,1,1.9545454545454541,TP
2015-10-15 07:00:00+00:00,1,-1.1428571428571344,SL
2015-10-20 09:15:00+00:00,1,1.975000000000237,TP
2015-10-22 12:15:00+00:00,-1,1.9687499999999987,TP
2015-10-23 07:00:00+00:00,-1,-0.10769230769231108,SL
2015-10-26 08:00:00+00:00,-1,-1.147368421052619,SL
2015-10-29 08:00:00+00:00,-1,-1.118644067796605,SL
2015-11-02 09:15:00+00:00,-1,-0.09271523178807829,SL
2015-11-03 13:15:00+00:00,-1,1.9586776859505401,TP
2015-11-04 08:00:00+00:00,-1,1.969696969696813,TP
2015-11-05 08:00:00+00:00,-1,-1.1428571428571344,SL
2015-11-09 08:00:00+00:00,-1,-1.128440366972463,SL
2015-11-10 08:00:00+00:00,-1,1.9450549450551151,TP
2015-11-11 08:15:00+00:00,-1,-0.11666666666664875,SL
2015-11-12 10:15:00+00:00,-1,-1.079545454545449,SL
2015-11-13 08:15:00+00:00,-1,-0.12962962962962304,SL
2015-11-17 08:00:00+00:00,-1,-0.12280701754385873,SL
2015-11-18 11:15:00+00:00,-1,-0.1284403669724628,SL
2015-11-23 08:00:00+00:00,-1,-1.129629629629623,SL
2015-11-25 13:15:00+00:00,-1,-0.07486631016042039,SL
2015-11-27 14:15:00+00:00,-1,-1.1261261261261226,SL
2015-12-02 10:15:00+00:00,-1,-1.1129032258064309,SL
2015-12-03 09:15:00+00:00,-1,1.9494949494948857,TP
2015-12-04 08:00:00+00:00,1,-0.07567567567567351,SL
2015-12-08 15:15:00+00:00,1,-1.079545454545449,SL
2015-12-09 08:00:00+00:00,1,1.9642857142857146,TP
2015-12-10 08:00:00+00:00,1,-1.1666666666666632,SL
2015-12-11 08:00:00+00:00,1,-0.152173913043461,SL
2015-12-15 08:00:00+00:00,1,-1.109374999999996,SL
2015-12-22 08:00:00+00:00,1,-1.1573033707864941,SL
2015-12-24 08:00:00+00:00,1,1.9418604651167097,TP
2015-12-31 13:15:00+00:00,-1,-1.1166666666666487,SL
2016-01-04 13:15:00+00:00,-1,1.9710982658959162,TP
2016-01-05 08:00:00+00:00,-1,1.9494949494948857,TP
2016-01-06 08:00:00+00:00,-1,-1.1147540983606468,SL
2016-01-07 08:00:00+00:00,-1,-1.0979020979020875,SL
2016-01-13 08:00:00+00:00,-1,-1.1176470588235177,SL
2016-01-14 08:00:00+00:00,-1,-1.1261261261260973,SL
2016-01-15 14:15:00+00:00,1,-0.05761316872427164,SL
2016-01-20 08:00:00+00:00,1,1.9626865671639677,TP
2016-01-22 08:00:00+00:00,-1,-1.109374999999977,SL
2016-01-26 09:15:00+00:00,-1,-0.11199999999997368,SL
2016-01-28 08:00:00+00:00,1,1.9569892473120611,TP
2016-01-29 10:15:00+00:00,1,-1.0799999999999976,SL
2016-02-01 08:00:00+00:00,-1,-1.1707317073170507,SL
2016-02-02 08:00:00+00:00,1,1.970000000000284,TP
2016-02-03 08:00:00+00:00,1,-0.152173913043461,SL
2016-02-04 08:00:00+00:00,1,1.9745762711864954,TP
2016-02-05 08:00:00+00:00,1,-1.1217391304347746,SL
2016-02-08 08:00:00+00:00,1,1.9662921348312872,TP
2016-02-09 08:00:00+00:00,1,-0.08750000000000276,SL
2016-02-10 08:00:00+00:00,1,-0.1206896551723991,SL
2016-02-11 11:15:00+00:00,1,-0.060606060606054946,SL
2016-02-12 09:15:00+00:00,1,-0.08284023668637464,SL
2016-02-17 08:00:00+00:00,-1,1.963302752293579,TP
2016-02-18 11:15:00+00:00,-1,1.95327102803712,TP
2016-02-22 09:15:00+00:00,-1,1.9699999999998465,TP
2016-02-23 08:00:00+00:00,-1,-1.1228070175438587,SL
2016-02-24 08:00:00+00:00,-1,-1.128440366972463,SL
2016-02-29 08:00:00+00:00,-1,1.960784313725491,TP
2016-03-01 08:00:00+00:00,-1,-0.12173913043477469,SL
2016-03-02 08:00:00+00:00,-1,-1.159090909090898,SL
2016-03-07 13:15:00+00:00,1,1.967479674796569,TP
2016-03-08 08:00:00+00:00,1,-1.159090909090898,SL
2016-03-09 15:15:00+00:00,1,1.9736842105263153,TP
2016-03-11 08:00:00+00:00,1,-1.0752688172042961,SL
2016-03-17 08:00:00+00:00,1,1.9735099337749797,TP
2016-03-18 08:00:00+00:00,1,-1.1119999999999737,SL
2016-03-29 13:15:00+00:00,1,-1.0853658536585253,SL
2016-03-30 07:00:00+00:00,1,1.9560439560439544,TP
2016-03-31 07:00:00+00:00,1,1.9569892473115937,TP
2016-04-01 07:00:00+00:00,1,-1.159090909090898,SL
2016-04-06 13:15:00+00:00,1,-0.08045977011493274,SL
2016-04-08 08:15:00+00:00,1,-0.1060606060605987,SL
2016-04-11 07:00:00+00:00,1,-1.147368421052619,SL
2016-04-13 15:15:00+00:00,-1,1.9780219780220993,TP
2016-04-15 07:00:00+00:00,-1,-0.16470588235292485,SL
2016-04-22 13:15:00+00:00,-1,1.9741935483872393,TP
2016-04-29 07:00:00+00:00,1,1.9642857142857901,TP
2016-05-03 07:00:00+00:00,1,1.9734513274334915,TP
2016-05-04 11:15:00+00:00,1,1.9795918367345886,TP
2016-05-13 07:00:00+00:00,-1,-0.16867469879519054,SL
2016-05-19 07:00:00+00:00,-1,-0.15384615384614742,SL
2016-05-24 14:15:00+00:00,-1,-1.1102362204724232,SL
2016-06-02 13:15:00+00:00,-1,1.9775280898877639,TP
2016-06-06 07:00:00+00:00,1,1.950617283950616,TP
2016-06-07 07:00:00+00:00,1,1.9545454545454541,TP
2016-06-08 14:15:00+00:00,1,-1.120689655172399,SL
2016-06-09 07:00:00+00:00,1,-1.1728395061728307,SL
2016-06-13 10:15:00+00:00,-1,-1.129629629629623,SL
2016-06-14 08:15:00+00:00,-1,1.961165048543477,TP
2016-06-15 07:00:00+00:00,-1,-0.1399999999999733,SL
2016-06-16 09:15:00+00:00,-1,1.9799999999998963,TP
2016-06-17 07:00:00+00:00,-1,-1.1102362204724423,SL
2016-06-20 07:00:00+00:00,1,-0.11570247933881901,SL
2016-06-21 07:00:00+00:00,1,-1.1686746987951455,SL
2016-06-22 09:15:00+00:00,1,1.95412844036671,TP
2016-06-23 07:00:00+00:00,1,-1.112903225806451,SL
2016-06-27 07:00:00+00:00,-1,-1.0583333333333298,SL
2016-07-05 14:15:00+00:00,-1,1.977142857142983,TP
2016-07-06 07:00:00+00:00,-1,-1.1052631578947245,SL
2016-07-14 09:15:00+00:00,1,-1.1007194244604075,SL
2016-07-15 07:00:00+00:00,1,1.9716981132074012,TP
2016-07-18 07:00:00+00:00,-1,-0.16470588235292485,SL
2016-07-19 12:15:00+00:00,-1,1.9752066115699385,TP
2016-07-20 07:00:00+00:00,-1,-1.1346153846153544,SL
2016-07-21 08:15:00+00:00,-1,-0.13333333333332342,SL
2016-07-28 07:15:00+00:00,1,-0.13333333333332342,SL
2016-07-29 07:00:00+00:00,1,-0.1372549019607707,SL
2016-08-12 13:15:00+00:00,1,-1.0933333333333226,SL
2016-08-16 07:00:00+00:00,1,1.9494949494948857,TP
2016-08-17 07:00:00+00:00,1,-0.16867469879519054,SL
2016-08-18 07:00:00+00:00,1,-0.13333333333332342,SL
2016-08-22 13:15:00+00:00,1,1.9680851063832827,TP
2016-08-25 10:15:00+00:00,1,-1.16279069767439,SL
2016-08-31 07:00:00+00:00,-1,-1.1686746987951455,SL
2016-09-01 09:15:00+00:00,-1,-1.1505376344085745,SL
2016-09-07 07:00:00+00:00,1,-1.1573033707864941,SL
2016-09-15 09:15:00+00:00,1,-0.14736842105258455,SL
2016-09-20 10:15:00+00:00,-1,-0.1538461538461099,SL
2016-09-21 07:00:00+00:00,-1,-1.1505376344085745,SL
2016-09-23 08:15:00+00:00,1,-1.1728395061728307,SL
2016-09-28 12:15:00+00:00,1,-0.13207547169809522,SL
2016-09-30 09:15:00+00:00,-1,-0.10852713178293608,SL
2016-10-05 14:15:00+00:00,-1,-1.109374999999996,SL
2016-10-06 14:15:00+00:00,-1,1.9636363636361651,TP
2016-10-07 07:00:00+00:00,-1,-1.1443298969071847,SL
2016-10-10 09:15:00+00:00,-1,1.964705882353019,TP
2016-10-12 07:00:00+00:00,-1,-0.15053763440861048,SL
2016-10-14 09:15:00+00:00,-1,-0.152173913043461,SL
2016-10-18 11:15:00+00:00,-1,-0.24742268041231338,SL
2016-10-21 13:15:00+00:00,-1,-0.1308411214953285,SL
2016-11-03 08:00:00+00:00,1,-1.159090909090898,SL
2016-11-10 08:00:00+00:00,-1,-1.107692307692311,SL
2016-11-11 08:00:00+00:00,-1,1.9739130434783176,TP
2016-11-14 08:00:00+00:00,-1,1.9756097560976944,TP
2016-11-15 08:00:00+00:00,-1,-1.128440366972463,SL
2016-11-16 15:15:00+00:00,-1,1.9742268041239044,TP
2016-11-17 16:15:00+00:00,-1,1.9816513761469916,TP
2016-11-18 08:00:00+00:00,-1,-0.0965517241379119,SL
2016-11-21 14:15:00+00:00,-1,-0.08284023668638552,SL
2016-11-23 16:15:00+00:00,-1,-0.0689655172413747,SL
2016-11-24 08:00:00+00:00,-1,-1.108527131782936,SL
2016-11-28 11:15:00+00:00,-1,1.9772727272727766,TP
2016-11-30 14:15:00+00:00,-1,-0.06451612903225283,SL
2016-12-01 08:15:00+00:00,-1,-0.11570247933884024,SL
2016-12-02 08:00:00+00:00,1,-1.145833333333311,SL
2016-12-05 08:00:00+00:00,-1,-1.0657276995305054,SL
2016-12-06 08:00:00+00:00,1,-0.1228070175438348,SL
2016-12-08 08:00:00+00:00,1,1.9684210526314145,TP
2016-12-09 13:15:00+00:00,-1,-1.0886075949366942,SL
2016-12-12 08:00:00+00:00,-1,-1.1386138613861339,SL
2016-12-13 09:15:00+00:00,-1,-0.11666666666664875,SL
2016-12-14 08:15:00+00:00,-1,1.9504950495051032,TP
2016-12-15 08:00:00+00:00,-1,-1.081395348837195,SL
2016-12-16 08:00:00+00:00,-1,1.9646017699113103,TP
2016-12-20 08:00:00+00:00,-1,-0.12612612612612253,SL
2016-12-23 13:15:00+00:00,-1,1.946236559140185,TP
2016-12-30 08:00:00+00:00,1,1.975308641975445,TP
2017-01-02 08:00:00+00:00,1,-1.0999999999999872,SL
2017-01-03 12:15:00+00:00,-1,-1.0828402366863854,SL
2017-01-04 08:00:00+00:00,-1,-1.1308411214953014,SL
2017-01-05 08:00:00+00:00,1,-1.071065989847709,SL
2017-01-06 08:00:00+00:00,1,-0.12389380530974084,SL
2017-01-10 08:00:00+00:00,1,-0.10526315789472433,SL
2017-01-12 08:00:00+00:00,1,1.9806451612903642,TP
2017-01-13 08:00:00+00:00,1,1.9727272727269312,TP
2017-01-17 08:00:00+00:00,1,-0.10769230769229268,SL
2017-01-18 08:00:00+00:00,1,1.9595959595957373,TP
2017-01-19 09:15:00+00:00,1,-0.2181818181818222,SL
2017-01-20 08:00:00+00:00,1,-1.129629629629623,SL
2017-01-23 08:00:00+00:00,1,-1.120689655172399,SL
2017-01-24 08:00:00+00:00,1,-0.1272727272727056,SL
2017-01-31 13:15:00+00:00,1,1.9844559585492565,TP
2017-02-01 08:00:00+00:00,1,1.9512195121948537,TP
2017-02-02 08:00:00+00:00,1,1.9680851063825813,TP
2017-02-07 09:15:00+00:00,-1,-1.1138211382113674,SL
2017-02-08 08:00:00+00:00,-1,-0.16091954022984495,SL
2017-02-10 14:15:00+00:00,-1,-1.1308411214953284,SL
2017-02-14 16:15:00+00:00,-1,1.9759036144578312,TP
2017-02-22 08:00:00+00:00,-1,-0.15053763440857454,SL
2017-02-23 08:00:00+00:00,-1,-1.1308411214953284,SL
2017-02-24 14:15:00+00:00,-1,1.9714285714284143,TP
2017-03-01 11:15:00+00:00,-1,1.9658119658121522,TP
2017-03-06 09:15:00+00:00,1,-1.1166666666666487,SL
2017-03-13 08:00:00+00:00,1,-1.1538461538461475,SL
2017-03-16 08:00:00+00:00,1,-1.128440366972463,SL
2017-03-21 10:15:00+00:00,1,1.9729729729730305,TP
2017-03-24 09:15:00+00:00,1,-0.14141414141412367,SL
2017-03-30 08:15:00+00:00,-1,-1.152173913043461,SL
2017-04-06 07:15:00+00:00,-1,-0.13592233009706528,SL
2017-04-13 11:15:00+00:00,-1,1.9512195121951246,TP
2017-04-24 07:00:00+00:00,1,-0.07567567567567351,SL
2017-04-25 07:00:00+00:00,1,-0.1590909090908579,SL
2017-04-26 07:00:00+00:00,1,-1.1666666666666632,SL
2017-05-02 09:15:00+00:00,1,-1.145833333333311,SL
2017-05-08 07:00:00+00:00,1,-1.1138211382113674,SL
2017-05-17 07:00:00+00:00,1,-1.1414141414141237,SL
2017-05-18 07:00:00+00:00,1,-0.1308411214953285,SL
2017-05-22 07:00:00+00:00,1,-1.1573033707864941,SL
2017-05-23 07:00:00+00:00,1,1.9684210526314145,TP
2017-05-24 12:15:00+00:00,1,-1.1238938053097165,SL
2017-05-25 07:00:00+00:00,1,1.9534883720927696,TP
2017-05-26 07:00:00+00:00,1,1.9677419354837058,TP
2017-05-30 09:15:00+00:00,1,-0.11965811965812115,SL
2017-05-31 07:00:00+00:00,1,-1.1647058823529248,SL
2017-06-01 07:00:00+00:00,1,-1.1521739130434978,SL
2017-06-07 13:15:00+00:00,1,1.9687500000002331,TP
2017-06-15 08:15:00+00:00,-1,1.9663865546218495,TP
2017-06-27 09:15:00+00:00,1,1.9708029197078691,TP
2017-06-28 07:00:00+00:00,1,1.961165048543477,TP
2017-06-29 07:00:00+00:00,1,1.9716981132074012,TP
2017-06-30 07:00:00+00:00,1,-1.152173913043461,SL
2017-07-06 12:15:00+00:00,1,1.966942148760512,TP
2017-07-12 07:00:00+00:00,1,-1.1428571428571344,SL
2017-07-18 07:00:00+00:00,1,-1.118644067796605,SL
2017-07-20 14:15:00+00:00,1,1.9831223628691983,TP
2017-07-21 07:00:00+00:00,1,-1.128440366972463,SL
2017-07-24 07:00:00+00:00,1,-0.1538461538461099,SL
2017-07-25 07:00:00+00:00,1,-1.160919540229886,SL
2017-07-27 07:00:00+00:00,1,-1.1007194244604237,SL
2017-07-28 11:15:00+00:00,1,1.9666666666664843,TP
2017-07-31 07:00:00+00:00,1,-1.145833333333311,SL
2017-08-01 07:00:00+00:00,1,-1.1443298969071847,SL
2017-08-02 07:00:00+00:00,1,-1.120689655172399,SL
2017-08-03 07:00:00+00:00,1,-1.1443298969071847,SL
2017-08-08 12:15:00+00:00,1,-1.1728395061728307,SL
2017-08-09 08:15:00+00:00,-1,-1.102941176470578,SL
2017-08-10 07:00:00+00:00,-1,-0.1666666666666631,SL
2017-08-14 07:00:00+00:00,1,-1.1372549019607707,SL
2017-08-15 13:15:00+00:00,-1,-1.0748663101604206,SL
2017-08-17 08:15:00+00:00,-1,1.9692307692306004,TP
2017-08-18 07:00:00+00:00,-1,-1.147368421052619,SL
2017-08-22 07:00:00+00:00,1,-1.1666666666666632,SL
2017-08-28 07:00:00+00:00,1,-1.1538461538461475,SL
2017-08-29 07:00:00+00:00,1,1.9636363636361651,TP
2017-09-01 12:15:00+00:00,1,-1.1919999999999864,SL
2017-09-04 07:00:00+00:00,1,-1.1386138613861339,SL
2017-09-06 07:00:00+00:00,1,1.9456521739129742,TP
2017-09-07 10:15:00+00:00,1,-0.11023622047242321,SL
2017-09-08 07:00:00+00:00,1,-1.0809248554913227,SL
2017-09-11 07:15:00+00:00,1,1.9565217391305703,TP
2017-09-13 07:15:00+00:00,1,-0.13861386138613382,SL
2017-09-14 07:00:00+00:00,-1,-1.1555555555555606,SL
2017-09-19 07:00:00+00:00,1,-1.1249999999999891,SL
2017-09-21 07:00:00+00:00,-1,-0.1228070175438348,SL
2017-09-22 10:15:00+00:00,1,-1.096551724137912,SL
2017-09-25 07:00:00+00:00,-1,-1.1489361702127285,SL
2017-09-26 07:00:00+00:00,-1,1.9404761904763734,TP
2017-09-27 07:00:00+00:00,-1,-0.1443298969071847,SL
2017-09-28 07:00:00+00:00,-1,-0.1399999999999733,SL
2017-10-02 07:00:00+00:00,-1,1.9523809523809497,TP
2017-10-03 07:00:00+00:00,-1,-1.147368421052619,SL
2017-10-05 15:15:00+00:00,-1,-0.09589041095889547,SL
2017-10-11 07:00:00+00:00,1,1.945054945054871,TP
2017-10-17 07:15:00+00:00,-1,-1.1686746987951455,SL
2017-10-19 13:15:00+00:00,1,1.978571428571318,TP
2017-10-20 07:00:00+00:00,1,-1.1573033707864941,SL
2017-10-27 07:00:00+00:00,-1,-1.15384615384611,SL
2017-11-06 14:15:00+00:00,-1,-1.1443298969071847,SL
2017-11-15 08:00:00+00:00,1,1.9545454545454541,TP
2017-11-16 08:15:00+00:00,1,-0.12962962962962304,SL
2017-11-17 08:00:00+00:00,1,-0.12962962962962304,SL
2017-11-20 08:15:00+00:00,1,1.9545454545451972,TP
2017-11-22 15:15:00+00:00,1,1.9745762711864954,TP
2017-11-23 08:00:00+00:00,1,1.9484536082471335,TP
2017-11-30 16:15:00+00:00,1,-1.0769230769230644,SL
2017-12-01 08:00:00+00:00,1,1.9716981132074012,TP
2017-12-06 16:15:00+00:00,-1,-1.1068702290076136,SL
2017-12-08 08:15:00+00:00,-1,-0.16091954022984495,SL
2017-12-11 13:15:00+00:00,-1,1.9518072289159234,TP
2017-12-12 15:15:00+00:00,-1,-0.13861386138610338,SL
2017-12-14 15:15:00+00:00,-1,-0.06698564593300436,SL
2017-12-19 13:15:00+00:00,1,-1.134615384615383,SL
2017-12-22 13:15:00+00:00,1,-1.1647058823529248,SL
2017-12-27 15:15:00+00:00,1,-1.1443298969071847,SL
2018-01-03 08:00:00+00:00,1,-1.16279069767439,SL
2018-01-04 08:00:00+00:00,1,1.9425287356323588,TP
2018-01-09 14:15:00+00:00,-1,-0.12499999999998906,SL
2018-01-10 08:00:00+00:00,-1,-1.1573033707864941,SL
2018-01-12 08:00:00+00:00,1,1.9649122807013693,TP
2018-01-15 08:00:00+00:00,1,1.9735099337749797,TP
2018-01-16 08:00:00+00:00,1,-1.0799999999999872,SL
2018-01-17 09:15:00+00:00,1,-0.06896551724136715,SL
2018-01-19 09:15:00+00:00,1,-0.09210526315788957,SL
2018-01-24 08:00:00+00:00,1,-0.1060606060605987,SL
2018-01-25 08:00:00+00:00,1,-1.0714285714285672,SL
2018-01-26 08:00:00+00:00,1,-1.0729166666666639,SL
2018-01-30 09:15:00+00:00,1,1.9768786127167632,TP
2018-01-31 10:15:00+00:00,1,-0.08187134502923915,SL
2018-02-02 08:00:00+00:00,1,-1.1129032258064309,SL
2018-02-07 15:15:00+00:00,-1,1.9750000000000008,TP
2018-02-08 08:00:00+00:00,-1,1.974999999999862,TP
2018-02-14 08:00:00+00:00,1,-1.1261261261261226,SL
2018-02-15 08:00:00+00:00,1,-1.0875000000000028,SL
2018-02-16 08:00:00+00:00,1,-1.1102362204724232,SL
2018-02-21 08:00:00+00:00,-1,-1.1217391304347746,SL
2018-02-22 08:00:00+00:00,-1,-1.1333333333333233,SL
2018-02-23 08:00:00+00:00,-1,-1.1249999999999891,SL
2018-02-27 16:15:00+00:00,-1,1.9802955665024629,TP
2018-03-01 08:00:00+00:00,-1,1.9504950495044546,TP
2018-03-05 08:00:00+00:00,-1,-1.0945945945945776,SL
2018-03-06 12:15:00+00:00,1,-0.08484848484848181,SL
2018-03-07 08:00:00+00:00,1,1.9578947368421056,TP
2018-03-08 13:15:00+00:00,1,-0.13793103448275765,SL
2018-03-12 09:15:00+00:00,-1,1.950000000000373,TP
2018-03-13 14:15:00+00:00,1,1.9781420765027322,TP
2018-03-16 08:00:00+00:00,-1,-0.17073170731705078,SL
2018-03-20 09:15:00+00:00,-1,1.9553571428572831,TP
2018-03-22 12:15:00+00:00,-1,-1.0848484848484703,SL
2018-03-23 12:15:00+00:00,1,-1.128440366972463,SL
2018-03-27 07:00:00+00:00,1,-0.1443298969071847,SL
2018-03-29 09:15:00+00:00,-1,-1.109374999999996,SL
2018-04-03 14:15:00+00:00,-1,-1.0909090909090782,SL
2018-04-05 15:15:00+00:00,-1,-1.0838323353293429,SL
2018-04-06 07:00:00+00:00,-1,1.952380952381214,TP
2018-04-10 09:15:00+00:00,1,1.9590163934425693,TP
2018-04-16 12:15:00+00:00,1,-1.1505376344085745,SL
2018-04-20 12:15:00+00:00,-1,1.9593495934957033,TP
2018-04-23 07:00:00+00:00,-1,-1.1728395061728307,SL
2018-04-24 07:00:00+00:00,-1,-1.1458333333333446,SL
2018-04-26 07:00:00+00:00,-1,1.9642857142857901,TP
2018-04-27 07:00:00+00:00,-1,1.9666666666662505,TP
2018-04-30 11:15:00+00:00,-1,-0.10526315789472433,SL
2018-05-02 07:00:00+00:00,-1,-1.1359223300970651,SL
2018-05-03 07:00:00+00:00,-1,-1.1333333333333233,SL
2018-05-07 11:15:00+00:00,-1,-0.1400000000000044,SL
2018-05-08 07:00:00+00:00,-1,-1.1261261261261226,SL
2018-05-09 07:00:00+00:00,-1,-1.1414141414141237,SL
2018-05-15 07:00:00+00:00,-1,1.9560439560441982,TP
2018-05-16 07:00:00+00:00,-1,-1.1217391304347513,SL
2018-05-17 07:00:00+00:00,-1,-1.1007194244604237,SL
2018-05-21 07:00:00+00:00,-1,-0.15909090909089804,SL
2018-05-23 07:00:00+00:00,-1,1.9677419354837058,TP
2018-05-24 07:00:00+00:00,-1,-1.1068702290076136,SL
2018-05-28 11:15:00+00:00,-1,1.98101265822761,TP
2018-05-29 07:00:00+00:00,-1,1.9593495934958838,TP
2018-05-30 07:00:00+00:00,-1,-1.0933333333333226,SL
2018-06-01 12:15:00+00:00,-1,-1.0848484848484818,SL
2018-06-06 07:00:00+00:00,1,1.9736842105263712,TP
2018-06-07 07:00:00+00:00,1,1.9569892473115937,TP
2018-06-11 07:00:00+00:00,1,-0.147368421052619,SL
2018-06-12 07:15:00+00:00,1,-0.12173913043477469,SL
2018-06-13 12:15:00+00:00,1,1.9745762711864954,TP
2018-06-15 07:00:00+00:00,-1,1.9626168224301106,TP
2018-06-18 07:00:00+00:00,-1,-1.1647058823529248,SL
2018-06-19 07:00:00+00:00,-1,-1.1217391304347746,SL
2018-06-21 08:15:00+00:00,-1,1.9637681159421407,TP
2018-06-25 14:15:00+00:00,1,1.9743589743589745,TP
2018-06-26 07:00:00+00:00,1,-1.1428571428571344,SL
2018-06-27 07:00:00+00:00,1,-1.128440366972463,SL
2018-06-28 07:00:00+00:00,-1,-1.1400000000000046,SL
2018-07-04 07:00:00+00:00,1,-1.1538461538461475,SL
2018-07-05 07:00:00+00:00,1,-1.1138211382113674,SL
2018-07-06 07:00:00+00:00,1,-1.120689655172399,SL
2018-07-09 07:00:00+00:00,1,-1.1573033707864941,SL
2018-07-10 07:00:00+00:00,1,-1.1647058823529248,SL
2018-07-11 12:15:00+00:00,1,-0.08974358974358235,SL
2018-07-13 08:15:00+00:00,-1,-0.11764705882351775,SL
2018-07-18 07:00:00+00:00,-1,1.9529411764705893,TP
2018-07-19 07:00:00+00:00,-1,1.9473684210527968,TP
2018-07-20 07:15:00+00:00,-1,-1.104477611940281,SL
2018-07-23 07:00:00+00:00,1,1.969387755101434,TP
2018-07-26 07:00:00+00:00,1,-0.13333333333332342,SL
2018-07-27 07:00:00+00:00,-1,-1.1728395061728307,SL
2018-07-31 07:00:00+00:00,1,-1.1707317073170507,SL
2018-08-08 08:15:00+00:00,-1,-0.14141414141412367,SL
2018-08-10 07:00:00+00:00,-1,-0.06698564593300436,SL
2018-08-13 07:00:00+00:00,-1,-0.08749999999999061,SL
2018-08-15 07:00:00+00:00,-1,1.9603960396035276,TP
2018-08-21 07:00:00+00:00,1,1.9636363636361651,TP
2018-08-22 07:00:00+00:00,1,-1.1728395061728307,SL
2018-08-23 07:00:00+00:00,1,-1.129629629629623,SL
2018-08-24 13:15:00+00:00,1,-1.112903225806451,SL
2018-08-27 07:00:00+00:00,1,1.961165048543477,TP
2018-08-28 07:00:00+00:00,1,-1.160919540229845,SL
2018-08-29 13:15:00+00:00,1,1.968992248062016,TP
2018-08-31 07:15:00+00:00,1,-1.128440366972463,SL
2018-09-04 08:15:00+00:00,-1,1.9633027522933755,TP
2018-09-05 07:00:00+00:00,-1,1.961165048543477,TP
2018-09-06 08:15:00+00:00,1,-1.108527131782936,SL
2018-09-10 07:00:00+00:00,-1,-1.152173913043461,SL
2018-09-13 07:00:00+00:00,1,-1.1707317073170507,SL
2018-09-14 07:00:00+00:00,1,-0.17283950617283073,SL
2018-09-17 08:15:00+00:00,1,-0.1443298969071847,SL
2018-09-18 07:00:00+00:00,1,-1.1238938053097165,SL
2018-09-20 11:15:00+00:00,1,1.966101694915253,TP
2018-09-21 07:00:00+00:00,1,-0.17283950617283073,SL
2018-09-24 08:15:00+00:00,1,1.959595959596401,TP
2018-09-28 07:00:00+00:00,-1,-0.15555555555552208,SL
2018-10-02 07:00:00+00:00,-1,-0.15384615384614742,SL
2018-10-03 09:15:00+00:00,-1,1.9784172661870973,TP
2018-10-04 07:00:00+00:00,-1,-1.1272727272727057,SL
2018-10-08 10:15:00+00:00,-1,-0.1296296296295964,SL
2018-10-09 10:15:00+00:00,-1,-0.10071942446042356,SL
2018-10-12 07:00:00+00:00,1,-0.1666666666666631,SL
2018-10-19 07:00:00+00:00,-1,1.9540229885059985,TP
2018-10-22 10:15:00+00:00,-1,-0.1284403669724628,SL
2018-10-23 07:00:00+00:00,-1,-0.15053763440861048,SL
2018-10-24 10:15:00+00:00,-1,-0.10687022900761341,SL
2018-10-25 07:00:00+00:00,-1,-0.17073170731709703,SL
2018-10-26 07:00:00+00:00,-1,-1.1627906976744322,SL
2018-10-29 08:15:00+00:00,-1,1.9462365591394815,TP
2018-10-31 08:00:00+00:00,-1,-1.1686746987951906,SL
2018-11-05 08:00:00+00:00,-1,-1.1573033707864941,SL
2018-11-07 08:00:00+00:00,1,1.9838709677419701,TP
2018-11-08 14:15:00+00:00,1,-0.11666666666664875,SL
2018-11-09 08:00:00+00:00,-1,-1.1505376344085745,SL
2018-11-12 08:00:00+00:00,-1,-0.10687022900763152,SL
2018-11-13 08:00:00+00:00,-1,-1.1176470588235177,SL
2018-11-14 08:15:00+00:00,-1,-0.1284403669724628,SL
2018-11-15 09:15:00+00:00,-1,1.9685534591191802,TP
2018-11-19 08:00:00+00:00,1,1.9397590361442396,TP
2018-11-21 08:15:00+00:00,1,-0.14583333333331094,SL
2018-11-22 11:15:00+00:00,1,-1.1176470588235177,SL
2018-11-26 08:00:00+00:00,-1,-1.152173913043461,SL
2018-11-27 08:00:00+00:00,-1,-1.1261261261261226,SL
2018-12-03 10:15:00+00:00,-1,1.9682539682543163,TP
2018-12-04 09:15:00+00:00,1,1.9687500000001723,TP
2018-12-05 08:00:00+00:00,-1,-1.1386138613861339,SL
2018-12-06 08:00:00+00:00,-1,-1.145833333333311,SL
2018-12-10 08:00:00+00:00,1,-1.1428571428571344,SL
2018-12-11 09:15:00+00:00,1,-0.14893617021276362,SL
2018-12-12 08:00:00+00:00,-1,-1.1573033707865337,SL
2018-12-13 13:15:00+00:00,-1,-1.2016806722689226,SL
2018-12-19 08:00:00+00:00,1,-1.1686746987951906,SL
2018-12-20 08:00:00+00:00,1,1.9619047619047618,TP
2018-12-24 12:15:00+00:00,1,1.9587628865974862,TP
2018-12-26 15:15:00+00:00,1,-0.13207547169809522,SL
2018-12-28 08:00:00+00:00,1,-1.1538461538461475,SL
2019-01-03 08:00:00+00:00,-1,-0.11111111111109895,SL
2019-01-07 15:15:00+00:00,1,-0.11764705882351775,SL
2019-01-08 08:00:00+00:00,1,-1.1333333333333233,SL
2019-01-09 15:15:00+00:00,1,-1.0740740740740615,SL
2019-01-10 08:00:00+00:00,1,-0.12962962962962304,SL
2019-01-16 08:00:00+00:00,-1,-1.145833333333311,SL
2019-01-17 08:00:00+00:00,-1,-1.1538461538461475,SL
2019-01-24 10:15:00+00:00,-1,-0.18461538461535648,SL
2019-01-25 08:00:00+00:00,-1,-1.1707317073170507,SL
2019-01-28 14:15:00+00:00,1,-1.1428571428571344,SL
2019-01-30 08:00:00+00:00,1,-0.17073170731705078,SL
2019-01-31 08:00:00+00:00,1,-0.1346153846153831,SL
2019-02-13 12:15:00+00:00,-1,1.9600000000002176,TP
2019-03-11 11:15:00+00:00,-1,-1.1750000000000056,SL
2019-03-21 08:00:00+00:00,1,-1.155555555555522,SL
2019-03-27 08:00:00+00:00,-1,1.9537037037036418,TP
2019-03-28 08:00:00+00:00,-1,1.9540229885059985,TP
2019-03-29 08:00:00+00:00,-1,1.9518072289154014,TP
2019-04-05 13:15:00+00:00,-1,-0.1238938053097165,SL
2019-05-09 15:15:00+00:00,1,-1.0958904109588954,SL
2019-05-23 09:15:00+00:00,-1,1.9545454545454541,TP
2019-06-03 14:15:00+00:00,1,-1.1414141414141237,SL
2019-06-04 07:00:00+00:00,1,-0.17283950617283073,SL
2019-06-06 14:15:00+00:00,1,-0.060869565217387345,SL
2019-06-18 08:15:00+00:00,-1,-0.15555555555556044,SL
2019-06-20 14:15:00+00:00,1,-1.1102362204724232,SL
2019-06-26 14:15:00+00:00,1,1.9583333333336443,TP
2019-07-19 12:15:00+00:00,-1,-1.1686746987951455,SL
2019-08-01 07:00:00+00:00,-1,-0.16091954022988603,SL
2019-08-02 12:15:00+00:00,-1,1.9565217391309084,TP
2019-08-06 07:00:00+00:00,1,-0.12280701754385873,SL
2019-08-07 15:15:00+00:00,1,-0.09395973154361731,SL
2019-08-13 12:15:00+00:00,1,-1.2553191489361628,SL
2019-08-19 11:15:00+00:00,-1,1.9555555555557975,TP
2019-08-26 15:15:00+00:00,-1,-0.1428571428571344,SL
2019-09-09 15:15:00+00:00,1,-1.1238938053097165,SL
2019-09-30 13:15:00+00:00,-1,-1.1320754716980952,SL
2019-10-11 11:15:00+00:00,1,-0.14432989690721773,SL
2019-10-16 15:15:00+00:00,1,1.9583333333330968,TP
2020-01-08 10:15:00+00:00,-1,1.959595959596401,TP
2020-02-27 08:00:00+00:00,1,1.9523809523809497,TP
2020-02-28 08:00:00+00:00,1,1.946808510638461,TP
2020-03-02 08:00:00+00:00,1,1.968253968253793,TP
2020-03-03 08:00:00+00:00,1,-1.1157024793388188,SL
2020-03-04 08:00:00+00:00,1,1.95238095238089,TP
2020-03-05 13:15:00+00:00,1,-1.0927152317880646,SL
2020-03-06 08:00:00+00:00,1,1.9629629629625582,TP
2020-03-18 08:00:00+00:00,-1,-1.0593220338983025,SL
2020-03-27 08:00:00+00:00,1,-1.0608695652173874,SL
2020-03-30 07:00:00+00:00,1,-0.06278026905829232,SL
2020-04-02 13:15:00+00:00,-1,-1.0630630630630613,SL
2020-04-03 07:00:00+00:00,-1,1.9736842105263712,TP
2020-04-06 07:00:00+00:00,-1,-1.1076923076922927,SL
2020-04-08 07:00:00+00:00,-1,-1.0903225806451575,SL
2020-04-13 07:00:00+00:00,1,-1.152173913043461,SL
2020-04-14 15:15:00+00:00,1,-0.08588957055213942,SL
2020-04-16 09:15:00+00:00,-1,-0.09032258064514473,SL
2020-04-17 07:00:00+00:00,-1,1.962264150943189,TP
2020-04-21 11:15:00+00:00,-1,-1.1076923076922927,SL
2020-04-22 13:15:00+00:00,-1,1.9692307692306004,TP
2020-04-23 07:00:00+00:00,-1,1.946236559140185,TP
2020-04-24 07:00:00+00:00,-1,-1.1320754716980952,SL
2020-05-01 07:00:00+00:00,1,-1.160919540229886,SL
2020-05-04 07:00:00+00:00,1,-1.1573033707865337,SL
2020-05-06 07:15:00+00:00,-1,1.9603960396041784,TP
2020-05-07 07:00:00+00:00,-1,-1.1728395061728307,SL
2020-05-19 07:00:00+00:00,1,-1.160919540229845,SL
2020-05-28 07:00:00+00:00,1,-1.1414141414141237,SL
2020-05-29 07:00:00+00:00,1,-0.14893617021272842,SL
2020-06-01 07:00:00+00:00,1,-0.1538461538461099,SL
2020-06-02 14:15:00+00:00,1,-1.0838323353293315,SL
2020-06-03 07:00:00+00:00,1,-0.14893617021276362,SL
2020-06-04 07:00:00+00:00,1,-1.1666666666666632,SL
2020-06-05 07:00:00+00:00,1,-1.1052631578947245,SL
2020-06-10 07:00:00+00:00,1,1.948979591836667,TP
2020-06-11 07:00:00+00:00,1,1.9799999999998963,TP
2020-06-16 07:00:00+00:00,1,-1.128440366972489,SL
2020-06-17 13:15:00+00:00,-1,-0.08588957055213942,SL
2020-06-18 12:15:00+00:00,-1,-0.08974358974358235,SL
2020-06-22 07:00:00+00:00,-1,-1.155555555555522,SL
2020-06-23 12:15:00+00:00,1,1.9791666666664052,TP
2020-06-24 07:00:00+00:00,1,-1.1728395061728307,SL
2020-06-25 12:15:00+00:00,-1,-1.0958904109588954,SL
2020-06-29 15:15:00+00:00,-1,-0.09655172413792669,SL
2020-06-30 07:15:00+00:00,-1,-1.145833333333311,SL
2020-07-03 10:15:00+00:00,-1,-1.1489361702127636,SL
2020-07-06 07:00:00+00:00,1,-1.1686746987951455,SL
2020-07-07 07:00:00+00:00,1,-1.160919540229886,SL
2020-07-09 07:00:00+00:00,1,-1.1573033707864941,SL
2020-07-10 13:15:00+00:00,1,-0.11023622047242321,SL
2020-07-14 15:15:00+00:00,1,-0.09150326797384714,SL
2020-07-15 07:00:00+00:00,1,1.952380952381214,TP
2020-07-17 11:15:00+00:00,1,-0.1372549019607707,SL
2020-07-20 07:00:00+00:00,1,-1.1119999999999937,SL
2020-07-22 07:00:00+00:00,1,-1.1458333333333446,SL
2020-07-23 07:00:00+00:00,1,-1.160919540229845,SL
2020-07-27 07:00:00+00:00,1,-1.118644067796605,SL
2020-07-28 07:00:00+00:00,1,-1.1052631578947245,SL
2020-07-29 07:00:00+00:00,1,1.9545454545454541,TP
2020-07-30 07:00:00+00:00,1,-1.1443298969072178,SL
2020-07-31 07:00:00+00:00,1,-1.0992907801418423,SL
2020-08-04 07:00:00+00:00,1,1.9565217391304364,TP
2020-08-05 07:00:00+00:00,1,-1.1538461538461475,SL
2020-08-06 07:00:00+00:00,1,-1.0999999999999872,SL
2020-08-11 07:00:00+00:00,-1,-1.1372549019607707,SL
2020-08-12 07:00:00+00:00,-1,-1.120689655172399,SL
2020-08-13 07:00:00+00:00,1,1.9619047619047618,TP
2020-08-18 07:00:00+00:00,1,-0.15053763440861048,SL
2020-08-19 07:00:00+00:00,1,-1.1428571428571344,SL
2020-08-24 07:00:00+00:00,-1,-1.170731707317097,SL
2020-08-28 07:00:00+00:00,1,1.9615384615382427,TP
2020-08-31 07:00:00+00:00,1,-1.1458333333333446,SL
2020-09-01 07:00:00+00:00,1,-0.10937499999997688,SL
2020-09-03 07:00:00+00:00,-1,-1.1238938053097165,SL
2020-09-08 09:15:00+00:00,-1,1.9576271186436425,TP
2020-09-09 07:00:00+00:00,-1,-1.1728395061728307,SL
2020-09-14 12:15:00+00:00,1,-0.12280701754385873,SL
2020-09-17 07:00:00+00:00,-1,-1.1068702290076315,SL
2020-09-18 13:15:00+00:00,-1,-0.11570247933881901,SL
2020-09-21 11:15:00+00:00,-1,1.978571428571318,TP
2020-09-22 07:00:00+00:00,-1,1.9560439560441982,TP
2020-09-23 07:00:00+00:00,-1,-0.1399999999999733,SL
2020-09-24 07:00:00+00:00,-1,-1.1573033707864941,SL
2020-09-28 14:15:00+00:00,-1,-0.0999999999999873,SL
2020-09-30 13:15:00+00:00,-1,-0.10370370370369843,SL
2020-10-05 13:15:00+00:00,1,1.9603960396039586,TP
2020-10-07 07:15:00+00:00,1,-0.1573033707864943,SL
2020-10-09 13:15:00+00:00,1,-1.1386138613861339,SL
2020-10-14 09:15:00+00:00,-1,-1.129629629629623,SL
2020-10-15 11:15:00+00:00,-1,-0.12280701754385873,SL
2020-10-28 08:15:00+00:00,-1,1.9649122807019468,TP
2020-10-29 08:00:00+00:00,-1,1.9607843137252734,TP
2020-10-30 08:00:00+00:00,-1,-1.120689655172399,SL
2020-11-02 08:00:00+00:00,-1,-1.1707317073170507,SL
2020-11-05 12:15:00+00:00,1,1.9738562091501821,TP
2020-11-06 08:00:00+00:00,1,-0.12280701754385873,SL
2020-11-09 08:00:00+00:00,1,-1.129629629629623,SL
2020-11-12 09:15:00+00:00,1,1.9607843137252734,TP
2020-11-18 10:15:00+00:00,1,-1.152173913043461,SL
2020-11-24 09:15:00+00:00,1,-0.1428571428571344,SL
2020-11-25 08:00:00+00:00,1,1.9418604651159503,TP
2020-12-02 08:00:00+00:00,1,-1.1272727272727057,SL
2020-12-07 13:15:00+00:00,1,1.9640287769783702,TP
2020-12-10 15:15:00+00:00,1,-1.0651162790697661,SL
2020-12-11 08:00:00+00:00,1,-1.1647058823529248,SL
2020-12-14 13:15:00+00:00,1,-0.12499999999998906,SL
2020-12-16 11:15:00+00:00,1,-1.1052631578947245,SL
2020-12-17 12:15:00+00:00,1,1.9702970297030338,TP
2020-12-28 09:15:00+00:00,1,-0.16091954022988603,SL
2020-12-30 08:00:00+00:00,1,-1.152173913043461,SL
2020-12-31 08:00:00+00:00,1,-1.1686746987951455,SL
2021-01-04 09:15:00+00:00,1,1.9663865546218495,TP
2021-01-06 08:00:00+00:00,1,-1.0927152317880646,SL
2021-01-11 08:00:00+00:00,-1,-1.1261261261260973,SL
2021-01-12 08:00:00+00:00,-1,-0.15555555555552208,SL
2021-01-13 09:15:00+00:00,-1,1.9622641509438092,TP
2021-01-14 08:00:00+00:00,-1,-1.1443298969071847,SL
2021-01-18 08:00:00+00:00,-1,-1.1573033707865337,SL
2021-01-20 11:15:00+00:00,-1,1.9727272727275313,TP
2021-01-22 09:15:00+00:00,1,-1.1359223300970651,SL
2021-01-26 08:00:00+00:00,-1,-1.1750000000000056,SL
2021-01-27 12:15:00+00:00,-1,-0.12280701754385873,SL
2021-01-28 08:00:00+00:00,-1,-1.1196581196581212,SL
2021-02-01 10:15:00+00:00,-1,-0.1228070175438348,SL
2021-02-04 08:00:00+00:00,-1,1.9404761904763734,TP
2021-02-09 15:15:00+00:00,1,1.9672131147540983,TP
2021-02-11 14:15:00+00:00,1,-1.16279069767439,SL
2021-02-16 11:15:00+00:00,1,-1.159090909090898,SL
2021-02-17 14:15:00+00:00,-1,-0.1228070175438348,SL
2021-02-19 14:15:00+00:00,1,-0.13592233009706528,SL
2021-02-25 09:15:00+00:00,1,-0.11965811965812115,SL
2021-03-01 08:00:00+00:00,-1,1.9456521739129742,TP
2021-03-02 08:00:00+00:00,-1,-1.1443298969072178,SL
2021-03-03 11:15:00+00:00,-1,1.968000000000177,TP
2021-03-04 10:15:00+00:00,-1,-1.1272727272727057,SL
2021-03-05 08:00:00+00:00,-1,1.962962962963043,TP
2021-03-08 08:00:00+00:00,-1,-1.1443298969072178,SL
2021-03-09 08:00:00+00:00,-1,-1.1414141414141237,SL
2021-03-12 08:15:00+00:00,-1,1.9569892473115937,TP
2021-03-15 14:15:00+00:00,-1,-0.11965811965809844,SL
2021-03-16 13:15:00+00:00,-1,-0.10447761194028102,SL
2021-03-18 11:15:00+00:00,-1,1.9658119658121522,TP
2021-03-23 10:15:00+00:00,-1,-1.1320754716980952,SL
2021-03-24 08:00:00+00:00,-1,-1.118644067796605,SL
2021-03-25 08:00:00+00:00,-1,-1.1555555555555606,SL
2021-03-26 08:00:00+00:00,-1,-1.1666666666666632,SL
2021-04-06 08:15:00+00:00,1,-1.160919540229886,SL
2021-04-13 15:15:00+00:00,1,1.9726027397260277,TP
2021-04-16 12:15:00+00:00,1,-1.1272727272727312,SL
2021-04-20 07:00:00+00:00,1,-1.1538461538461475,SL
2021-04-21 14:15:00+00:00,1,1.9719626168220796,TP
2021-04-26 07:00:00+00:00,1,-0.16470588235292485,SL
2021-04-27 10:15:00+00:00,1,1.965116279069589,TP
2021-04-28 14:15:00+00:00,1,-0.11666666666664875,SL
2021-05-03 14:15:00+00:00,1,-1.1320754716980952,SL
2021-05-07 08:15:00+00:00,1,-0.14432989690721773,SL
2021-05-14 09:15:00+00:00,1,-1.1728395061728307,SL
2021-05-20 07:15:00+00:00,1,-1.155555555555522,SL
2021-05-25 07:15:00+00:00,1,-1.1399999999999735,SL
2021-05-28 12:15:00+00:00,-1,-1.1176470588235177,SL
2021-06-02 15:15:00+00:00,1,-1.1272727272727057,SL
2021-06-03 14:15:00+00:00,-1,1.978571428571318,TP
2021-06-11 09:15:00+00:00,-1,1.9512195121948537,TP
2021-06-17 07:00:00+00:00,-1,1.9734513274338794,TP
2021-06-18 07:00:00+00:00,-1,-1.1443298969072178,SL
2021-06-21 07:00:00+00:00,-1,1.9549549549550937,TP
2021-06-22 10:15:00+00:00,-1,-1.1333333333333233,SL
2021-06-29 11:15:00+00:00,-1,1.9534883720927696,TP
2021-06-30 14:15:00+00:00,-1,-0.11666666666664875,SL
2021-07-06 08:15:00+00:00,-1,1.9550561797750343,TP
2021-07-12 09:15:00+00:00,-1,1.962962962963043,TP
2021-07-13 11:15:00+00:00,-1,-1.275862068965445,SL
2021-07-15 10:15:00+00:00,-1,1.9540229885059985,TP
2021-08-05 11:15:00+00:00,1,-0.17073170731709703,SL
2021-08-17 14:15:00+00:00,-1,1.963963963964162,TP
2021-08-19 07:00:00+00:00,-1,-1.1728395061727832,SL
2021-09-01 13:15:00+00:00,1,-0.1573033707864943,SL
2021-09-16 09:15:00+00:00,-1,-0.17283950617283073,SL
2021-09-24 12:15:00+00:00,-1,1.9638554216870887,TP
2021-09-29 11:15:00+00:00,-1,-0.147368421052619,SL
2021-10-11 09:15:00+00:00,-1,-1.1666666666666632,SL
2021-10-26 10:15:00+00:00,1,-1.174999999999957,SL
2021-11-01 08:00:00+00:00,-1,-0.152173913043461,SL
2021-11-04 08:00:00+00:00,-1,-0.15555555555556044,SL
2021-11-10 12:15:00+00:00,-1,-1.2580645161290431,SL
2021-11-17 08:00:00+00:00,-1,-1.1217391304347746,SL
2021-11-18 08:00:00+00:00,-1,-0.17283950617283073,SL
2021-11-19 09:15:00+00:00,-1,1.9545454545454541,TP
2021-11-22 08:00:00+00:00,-1,-1.1372549019607707,SL
2021-11-23 08:00:00+00:00,-1,-1.145833333333311,SL
2021-11-24 10:15:00+00:00,-1,-0.10937499999999585,SL
2021-11-29 13:15:00+00:00,-1,-1.1443298969071847,SL
2021-11-30 11:15:00+00:00,1,-1.1196581196581212,SL
2021-12-07 13:15:00+00:00,-1,1.9722222222216708,TP
2021-12-14 15:15:00+00:00,-1,1.961165048543477,TP
2021-12-29 13:15:00+00:00,1,1.9690721649480678,TP
2021-12-30 11:15:00+00:00,1,1.9529411764705893,TP
2022-01-04 08:15:00+00:00,-1,-0.16666666666661903,SL
2022-01-25 12:15:00+00:00,-1,-1.1555555555555606,SL
2022-01-27 08:00:00+00:00,-1,1.9545454545454541,TP
2022-01-28 08:00:00+00:00,-1,-0.17283950617283073,SL
2022-01-31 10:15:00+00:00,-1,1.945054945054871,TP
2022-02-02 12:15:00+00:00,1,-1.1261261261260973,SL
2022-02-04 08:00:00+00:00,1,-1.1505376344085745,SL
2022-02-14 08:15:00+00:00,-1,1.9600000000002176,TP
2022-02-17 08:15:00+00:00,-1,1.9733333333333343,TP
2022-02-21 11:15:00+00:00,-1,1.961165048543477,TP
2022-02-22 08:00:00+00:00,-1,-1.1386138613861339,SL
2022-02-23 14:15:00+00:00,-1,1.958333333333105,TP
2022-02-24 08:00:00+00:00,-1,1.984693877550829,TP
2022-02-25 08:00:00+00:00,-1,1.9687499999996574,TP
2022-02-28 08:00:00+00:00,-1,-0.08333333333333155,SL
2022-03-01 16:15:00+00:00,-1,-0.06999999999999443,SL
2022-03-02 08:00:00+00:00,-1,1.964539007091998,TP
2022-03-03 08:00:00+00:00,-1,1.9569892473115937,TP
2022-03-04 08:00:00+00:00,-1,-1.112903225806451,SL
2022-03-07 08:00:00+00:00,-1,1.979381443299196,TP
2022-03-08 08:00:00+00:00,-1,-1.0939597315436174,SL
2022-03-17 13:15:00+00:00,1,1.9695121951217776,TP
2022-03-18 08:00:00+00:00,1,-1.1196581196581212,SL
2022-03-22 12:15:00+00:00,1,-0.08484848484847039,SL
2022-03-23 11:15:00+00:00,-1,-0.10294117647057803,SL
2022-03-24 08:00:00+00:00,-1,-1.1060606060605986,SL
2022-03-25 08:15:00+00:00,-1,-1.1308411214953014,SL
2022-03-28 07:00:00+00:00,-1,-0.15909090909089804,SL
2022-03-30 07:00:00+00:00,1,1.958333333333105,TP
2022-03-31 07:00:00+00:00,1,-1.1443298969071847,SL
2022-04-04 13:15:00+00:00,-1,-0.11864406779660498,SL
2022-04-07 07:00:00+00:00,-1,1.9560439560439544,TP
2022-04-13 07:00:00+00:00,-1,-1.1428571428571022,SL
2022-04-14 11:15:00+00:00,-1,-1.2526315789473434,SL
2022-04-18 07:00:00+00:00,-1,-1.1750000000000056,SL
2022-04-19 07:00:00+00:00,-1,-1.147368421052619,SL
2022-04-21 14:15:00+00:00,-1,1.9756097560974268,TP
2022-04-25 07:15:00+00:00,-1,-1.0818713450292285,SL
2022-04-26 07:00:00+00:00,-1,1.9541284403669137,TP
2022-04-27 07:00:00+00:00,-1,1.9765625000002238,TP
2022-04-28 07:00:00+00:00,-1,-1.0777777777777706,SL
2022-04-29 07:00:00+00:00,-1,-1.1228070175438587,SL
2022-05-05 11:15:00+00:00,-1,1.9767441860462556,TP
2022-05-06 07:00:00+00:00,-1,-1.090909090909091,SL
2022-05-09 07:00:00+00:00,-1,-1.1261261261261226,SL
2022-05-10 09:15:00+00:00,-1,1.9733333333336267,TP
2022-05-11 11:15:00+00:00,-1,1.9626865671639677,TP
2022-05-12 07:00:00+00:00,-1,1.969465648854626,TP
2022-05-13 07:00:00+00:00,-1,-1.134615384615383,SL
2022-05-16 07:00:00+00:00,-1,-1.1320754716980952,SL
2022-05-18 07:00:00+00:00,1,-1.1400000000000046,SL
2022-05-19 07:00:00+00:00,-1,-0.13861386138613382,SL
2022-05-20 07:00:00+00:00,1,-1.1238938053097165,SL
2022-05-23 07:15:00+00:00,1,1.9541284403669137,TP
2022-05-24 07:00:00+00:00,1,1.9607843137252734,TP
2022-05-25 07:00:00+00:00,1,-1.145833333333311,SL
2022-05-26 07:15:00+00:00,1,1.9679999999999993,TP
2022-05-27 07:00:00+00:00,1,-0.1573033707864943,SL
2022-05-30 07:00:00+00:00,1,-1.1308411214953014,SL
2022-06-02 10:15:00+00:00,1,1.9509803921567994,TP
2022-06-07 13:15:00+00:00,-1,-1.1007194244604237,SL
2022-06-08 14:15:00+00:00,1,-1.0891719745222819,SL
2022-06-10 07:00:00+00:00,-1,-1.1505376344085745,SL
2022-06-13 07:00:00+00:00,-1,-1.1196581196581212,SL
2022-06-14 07:00:00+00:00,-1,-1.1021897810218828,SL
2022-06-15 11:15:00+00:00,-1,1.9764150943394885,TP
2022-06-17 11:15:00+00:00,-1,1.9777777777780223,TP
2022-06-22 07:00:00+00:00,-1,-0.11570247933881901,SL
2022-06-23 07:00:00+00:00,1,-1.1176470588235177,SL
2022-06-27 07:15:00+00:00,1,1.9504950495044546,TP
2022-06-29 08:15:00+00:00,-1,-1.092105263157876,SL
2022-06-30 07:00:00+00:00,-1,-1.1261261261261226,SL
2022-07-01 13:15:00+00:00,-1,1.9768786127167632,TP
2022-07-04 07:00:00+00:00,-1,-1.1489361702127285,SL
2022-07-05 09:15:00+00:00,-1,1.9761904761905507,TP
2022-07-06 07:00:00+00:00,-1,-0.10294117647057803,SL
2022-07-07 07:00:00+00:00,-1,-0.11666666666664875,SL
2022-07-08 07:00:00+00:00,-1,1.9747899159662554,TP
2022-07-11 07:00:00+00:00,-1,-0.1284403669724628,SL
2022-07-12 07:00:00+00:00,-1,-0.09722222222222228,SL
2022-07-20 07:00:00+00:00,1,1.9716981132078142,TP
2022-07-27 07:00:00+00:00,-1,-1.1428571428571344,SL
2022-07-28 08:15:00+00:00,1,-1.071065989847709,SL
2022-07-29 07:00:00+00:00,1,-1.090909090909091,SL
2022-08-03 14:15:00+00:00,-1,-0.07070707070706976,SL
2022-08-05 07:00:00+00:00,1,-1.170731707317097,SL
2022-08-08 07:00:00+00:00,-1,-1.1627906976744322,SL
2022-08-09 12:15:00+00:00,1,-1.1147540983606468,SL
2022-08-10 13:15:00+00:00,1,1.9838709677419357,TP
2022-08-11 07:00:00+00:00,1,1.9724770642200409,TP
2022-08-12 07:00:00+00:00,1,-1.15384615384611,SL
2022-08-16 07:00:00+00:00,-1,1.9540229885052445,TP
2022-08-17 07:00:00+00:00,-1,-0.14893617021276362,SL
2022-08-18 07:00:00+00:00,-1,-1.145833333333311,SL
2022-08-19 07:00:00+00:00,-1,-1.1428571428571022,SL
2022-08-22 07:00:00+00:00,-1,1.9529411764705893,TP
2022-08-23 07:00:00+00:00,-1,-1.1308411214953151,SL
2022-08-24 07:00:00+00:00,-1,-1.1458333333333277,SL
2022-08-25 12:15:00+00:00,-1,-1.0790960451977316,SL
2022-08-29 07:00:00+00:00,-1,-1.1272727272727183,SL
2022-08-30 14:15:00+00:00,-1,-0.06666666666666171,SL
2022-09-01 15:15:00+00:00,-1,-1.0578512396694149,SL
2022-09-02 07:00:00+00:00,-1,-1.16279069767439,SL
2022-09-05 07:00:00+00:00,-1,-1.0915032679738472,SL
2022-09-06 14:15:00+00:00,-1,-1.0693069306930632,SL
2022-09-07 07:00:00+00:00,-1,-0.11475409836064682,SL
2022-09-09 07:00:00+00:00,1,1.9743589743592176,TP
2022-09-12 07:00:00+00:00,1,1.9733333333333343,TP
2022-09-13 07:00:00+00:00,1,-1.1346153846153544,SL
2022-09-15 07:00:00+00:00,-1,-1.170731707317074,SL
2022-09-20 09:15:00+00:00,-1,1.9666666666669155,TP
2022-09-21 07:00:00+00:00,-1,-1.0740740740740704,SL
2022-09-22 07:00:00+00:00,-1,-1.0965517241379192,SL
2022-09-23 07:00:00+00:00,-1,1.9729729729728334,TP
2022-09-27 07:00:00+00:00,-1,-1.1007194244604237,SL
2022-09-28 07:00:00+00:00,-1,-1.0909090909090782,SL
2022-10-04 07:15:00+00:00,1,-1.0799999999999923,SL
2022-10-05 07:00:00+00:00,1,-1.0891719745222819,SL
2022-10-10 07:00:00+00:00,-1,-1.1102362204724328,SL
2022-10-11 11:15:00+00:00,-1,-1.0799999999999923,SL
2022-10-18 07:00:00+00:00,1,-1.0985915492957607,SL
2022-10-19 07:15:00+00:00,1,-0.1206896551723991,SL
2022-10-20 10:15:00+00:00,1,1.9801324503310958,TP
2022-10-25 07:00:00+00:00,1,-0.13333333333332342,SL
2022-10-26 07:00:00+00:00,1,1.975999999999963,TP
2022-10-27 07:00:00+00:00,1,-0.11864406779658265,SL
2022-11-01 08:15:00+00:00,1,1.9657534246574897,TP
2022-11-07 10:15:00+00:00,1,-1.0752688172042961,SL
2022-11-08 08:00:00+00:00,1,-1.1217391304347746,SL
2022-11-09 08:00:00+00:00,1,-0.11199999999999358,SL
2022-11-10 13:15:00+00:00,1,1.9826589595375461,TP
2022-11-11 08:00:00+00:00,1,-0.07999999999998729,SL
2022-11-14 08:00:00+00:00,1,-0.09395973154361731,SL
2022-11-15 09:15:00+00:00,1,-0.07692307692307371,SL
2022-11-16 09:15:00+00:00,1,-0.0639269406392604,SL
2022-11-22 15:15:00+00:00,1,-0.08588957055213942,SL
2022-11-23 08:00:00+00:00,1,-1.1166666666666487,SL
2022-11-24 08:00:00+00:00,1,-1.1068702290076136,SL
2022-11-28 08:15:00+00:00,1,1.9726027397260277,TP
2022-12-01 08:00:00+00:00,1,1.9783783783782598,TP
2022-12-02 08:00:00+00:00,1,-0.11290322580645112,SL
2022-12-06 11:15:00+00:00,1,-0.08433734939758399,SL
2022-12-07 13:15:00+00:00,1,-0.07329842931937147,SL
2022-12-09 08:00:00+00:00,1,-1.132075471698123,SL
2022-12-12 08:15:00+00:00,1,1.9739130434783176,TP
2022-12-14 08:00:00+00:00,1,1.9619047619047618,TP
2022-12-15 13:15:00+00:00,1,1.9701492537315066,TP
2022-12-22 09:15:00+00:00,1,-0.11475409836064682,SL
2022-12-27 08:00:00+00:00,1,-0.1372549019607707,SL
2022-12-29 14:15:00+00:00,1,-0.10687022900763152,SL
2022-12-30 08:00:00+00:00,1,1.955555555555315,TP
2023-01-03 14:15:00+00:00,-1,-1.071428571428559,SL
2023-01-04 08:00:00+00:00,-1,-1.1068702290076315,SL
2023-01-05 16:15:00+00:00,-1,-0.11059907834100341,SL
2023-01-09 10:15:00+00:00,1,1.9740259740261163,TP
2023-01-10 08:00:00+00:00,1,-0.12389380530974084,SL
2023-01-11 08:00:00+00:00,1,-1.1346153846153544,SL
2023-01-12 08:00:00+00:00,1,-1.1686746987951455,SL
2023-01-13 08:00:00+00:00,1,-0.12499999999998906,SL
2023-01-16 14:15:00+00:00,1,-0.1206896551723991,SL
2023-01-18 08:00:00+00:00,1,1.9800000000001896,TP
2023-01-20 08:00:00+00:00,1,-0.1428571428571344,SL
2023-01-23 08:00:00+00:00,1,-1.0999999999999872,SL
2023-01-31 15:15:00+00:00,1,1.9815950920245802,TP
2023-02-01 12:15:00+00:00,1,-0.1428571428571344,SL
2023-02-02 08:00:00+00:00,1,-0.12727272727273128,SL
2023-02-03 09:15:00+00:00,1,1.976377952755784,TP
2023-02-06 08:00:00+00:00,-1,-1.1489361702127285,SL
2023-02-07 08:00:00+00:00,-1,1.955555555555315,TP
2023-02-08 10:15:00+00:00,-1,-0.11199999999999358,SL
2023-02-10 13:15:00+00:00,-1,-1.0979020979020875,SL
2023-02-13 08:00:00+00:00,-1,-0.16279069767439008,SL
2023-02-15 08:00:00+00:00,-1,-1.1443298969071847,SL
2023-02-16 15:15:00+00:00,-1,-1.0799999999999872,SL
2023-02-17 08:00:00+00:00,-1,-0.16091954022988603,SL
2023-02-20 12:15:00+00:00,-1,-1.1372549019607707,SL
2023-02-23 10:15:00+00:00,-1,-1.1359223300970651,SL
2023-02-27 08:00:00+00:00,-1,-1.1505376344086105,SL
2023-03-02 13:15:00+00:00,-1,-0.11111111111111852,SL
2023-03-07 08:00:00+00:00,1,-1.1707317073170507,SL
2023-03-08 08:00:00+00:00,-1,-1.159090909090898,SL
2023-03-13 08:00:00+00:00,1,-1.0874999999999906,SL
2023-03-14 08:00:00+00:00,1,-0.09395973154361731,SL
2023-03-15 08:00:00+00:00,1,-1.1217391304347746,SL
2023-03-21 13:15:00+00:00,1,-1.1037037037036985,SL
2023-03-22 08:00:00+00:00,1,-0.15053763440861048,SL
2023-03-23 08:00:00+00:00,1,-1.0921052631578896,SL
2023-03-28 07:00:00+00:00,1,1.9512195121948537,TP
2023-03-29 07:00:00+00:00,1,1.939759036145026,TP
2023-03-30 13:15:00+00:00,1,-1.0838323353293315,SL
2023-03-31 07:00:00+00:00,1,-1.1666666666666632,SL
2023-04-03 09:15:00+00:00,1,1.9615384615384135,TP
2023-04-04 07:00:00+00:00,1,-0.15053763440861048,SL
2023-04-11 14:15:00+00:00,1,-1.1052631578947245,SL
2023-04-14 07:00:00+00:00,1,-1.1707317073170507,SL
2023-04-18 08:15:00+00:00,1,-0.14893617021272842,SL
2023-04-21 10:15:00+00:00,1,1.966942148760512,TP
2023-04-24 11:15:00+00:00,1,1.9642857142856693,TP
2023-04-25 07:00:00+00:00,1,-1.1707317073170507,SL
2023-04-26 07:00:00+00:00,1,1.962962962963043,TP
2023-04-27 07:00:00+00:00,1,-1.1666666666666632,SL
2023-04-28 07:00:00+00:00,1,-1.120689655172399,SL
2023-05-03 09:15:00+00:00,1,-1.1372549019607707,SL
2023-05-04 07:00:00+00:00,1,-1.134615384615383,SL
2023-05-11 07:00:00+00:00,-1,-0.12173913043477469,SL
2023-05-17 08:15:00+00:00,-1,-0.1346153846153831,SL
2023-05-19 07:00:00+00:00,-1,-0.16470588235292485,SL
2023-05-22 07:00:00+00:00,-1,-0.1538461538461099,SL
2023-05-25 07:00:00+00:00,-1,1.9518072289159234,TP
2023-05-31 07:15:00+00:00,-1,-0.13861386138610338,SL
2023-06-01 07:00:00+00:00,-1,1.9550561797750343,TP
2023-06-06 12:15:00+00:00,-1,-1.1176470588235177,SL
2023-06-09 11:15:00+00:00,1,-0.16279069767439008,SL
2023-06-15 14:15:00+00:00,1,1.9866666666667938,TP
2023-06-16 07:00:00+00:00,1,-1.152173913043461,SL
2023-06-27 08:15:00+00:00,1,-1.16279069767439,SL
2023-06-29 10:15:00+00:00,1,1.967391304347657,TP
2023-06-30 13:15:00+00:00,1,-0.09523809523808241,SL
2023-07-03 11:15:00+00:00,1,-1.1249999999999891,SL
2023-07-11 07:00:00+00:00,1,-1.155555555555522,SL
2023-07-13 07:00:00+00:00,1,-1.1555555555555606,SL
2023-07-14 07:00:00+00:00,1,1.9550561797750343,TP
2023-07-17 07:00:00+00:00,1,-0.17283950617283073,SL
2023-07-18 07:15:00+00:00,1,-1.1443298969071847,SL
2023-07-19 07:15:00+00:00,1,-0.11199999999999358,SL
2023-07-25 11:15:00+00:00,-1,-0.12727272727273128,SL
2023-07-27 13:15:00+00:00,-1,1.977064220183457,TP
2023-07-28 07:00:00+00:00,-1,-0.09090909090907803,SL
2023-08-01 09:15:00+00:00,-1,-1.1217391304347746,SL
2023-08-02 15:15:00+00:00,-1,-1.0903225806451449,SL
2023-08-03 07:00:00+00:00,-1,-1.1505376344086105,SL
2023-08-07 08:15:00+00:00,-1,1.943820224719516,TP
2023-08-08 12:15:00+00:00,-1,-1.1320754716980952,SL
2023-08-11 09:15:00+00:00,-1,1.9404761904763734,TP
2023-08-15 07:00:00+00:00,-1,-1.170731707317097,SL
2023-08-22 10:15:00+00:00,-1,1.9425287356323588,TP
2023-08-30 13:15:00+00:00,1,-0.09790209790208729,SL
2023-09-01 12:15:00+00:00,1,1.959183673469387,TP
2023-09-05 10:15:00+00:00,-1,1.9629629629631675,TP
2023-09-13 08:15:00+00:00,-1,-0.17073170731705078,SL
2023-09-21 07:00:00+00:00,-1,-0.1686746987951454,SL
2023-09-22 09:15:00+00:00,-1,-1.102941176470578,SL
2023-10-02 10:15:00+00:00,-1,1.962264150943189,TP
2023-10-06 12:15:00+00:00,-1,1.9578947368421056,TP
2023-10-11 08:15:00+00:00,1,-0.11666666666667033,SL
2023-10-13 11:15:00+00:00,-1,-1.1414141414141554,SL
2023-10-23 12:15:00+00:00,1,-0.13861386138613382,SL
2023-10-31 08:00:00+00:00,1,-1.147368421052619,SL
2023-11-02 08:15:00+00:00,1,1.9569892473115937,TP
2023-11-08 14:15:00+00:00,1,1.9462365591394815,TP
2023-11-10 10:15:00+00:00,1,-0.15555555555556044,SL
2023-11-28 15:15:00+00:00,1,1.9781021897809092,TP
2023-11-29 08:00:00+00:00,1,-0.1666666666666631,SL
2023-12-01 14:15:00+00:00,-1,-0.10852713178293608,SL
2023-12-04 08:00:00+00:00,-1,-1.1666666666666632,SL
2023-12-05 08:00:00+00:00,-1,-1.1707317073170507,SL
2023-12-14 08:00:00+00:00,1,1.9684210526316481,TP
2023-12-15 08:00:00+00:00,1,-1.1728395061728307,SL
2023-12-19 10:15:00+00:00,1,-1.1647058823529248,SL
2023-12-21 14:15:00+00:00,1,-1.1102362204724232,SL
2023-12-29 11:15:00+00:00,1,-0.152173913043461,SL
2024-01-04 08:00:00+00:00,-1,-1.1666666666666632,SL
2024-01-05 09:15:00+00:00,-1,-1.166666666666619,SL
2024-01-11 13:15:00+00:00,-1,-1.2962962962962774,SL
2024-01-17 08:00:00+00:00,-1,-1.159090909090898,SL
2024-01-23 14:15:00+00:00,-1,1.9603960396041784,TP
2024-01-25 15:15:00+00:00,-1,-0.08284023668637464,SL
2024-01-29 13:15:00+00:00,-1,1.957446808510173,TP
2024-02-01 08:00:00+00:00,-1,-0.16867469879519054,SL
2024-02-02 13:15:00+00:00,-1,1.9529411764705893,TP
2024-02-07 15:15:00+00:00,-1,-1.1428571428571344,SL
2024-02-13 14:15:00+00:00,-1,-1.081871345029239,SL
2024-02-20 12:15:00+00:00,1,1.9397590361442396,TP
2024-02-28 16:15:00+00:00,1,-0.1400000000000044,SL
2024-03-21 08:15:00+00:00,1,1.9680851063825813,TP
2024-03-26 14:15:00+00:00,-1,-0.16470588235292485,SL
2024-04-18 13:15:00+00:00,-1,-0.15384615384614742,SL
2024-04-19 07:00:00+00:00,-1,-1.1386138613861034,SL
2024-04-22 13:15:00+00:00,-1,-0.1686746987951454,SL
2024-05-09 15:15:00+00:00,1,-1.1428571428571022,SL
2024-05-15 14:15:00+00:00,1,1.9703703703705338,TP
2024-05-23 09:15:00+00:00,1,1.965909090909165,TP
2024-07-01 07:00:00+00:00,1,-1.1458333333333446,SL
2024-07-03 13:15:00+00:00,1,1.9638554216870887,TP
2024-07-17 11:15:00+00:00,1,-0.16470588235292485,SL
2024-08-01 10:15:00+00:00,-1,-1.1555555555555606,SL
2024-08-05 07:00:00+00:00,1,1.9724137931031454,TP
2024-09-13 13:15:00+00:00,1,-1.1428571428571344,SL
2024-09-19 09:15:00+00:00,1,-1.1176470588235177,SL
2024-09-24 08:15:00+00:00,1,-0.17073170731705078,SL
2024-09-27 09:15:00+00:00,1,1.9661016949154413,TP
2024-10-01 11:15:00+00:00,-1,1.9586776859505401,TP
2024-10-30 11:15:00+00:00,-1,1.9569892473115937,TP
2024-11-07 08:00:00+00:00,-1,-1.1333333333333233,SL
2024-11-08 10:15:00+00:00,-1,-1.1147540983606468,SL
2024-11-11 08:00:00+00:00,-1,-0.152173913043461,SL
2024-11-12 08:00:00+00:00,-1,-0.14583333333334467,SL
2024-11-14 08:00:00+00:00,-1,1.9666666666662505,TP
2024-11-15 08:00:00+00:00,-1,-1.1538461538461475,SL
2024-11-19 09:15:00+00:00,-1,1.9583333333330968,TP
2024-11-20 11:15:00+00:00,-1,-1.1272727272727057,SL
2024-11-22 08:00:00+00:00,-1,-1.1573033707864941,SL
2024-11-25 08:00:00+00:00,-1,-1.1249999999999891,SL
2024-11-29 08:15:00+00:00,1,-0.1228070175438348,SL
2024-12-02 14:15:00+00:00,-1,1.9817073170730763,TP
2024-12-03 08:00:00+00:00,-1,-1.1443298969071847,SL
2024-12-09 16:15:00+00:00,1,-1.1052631578947245,SL
2024-12-11 08:00:00+00:00,-1,-1.1386138613861034,SL
2024-12-19 08:00:00+00:00,-1,-1.1147540983606468,SL
2024-12-20 08:00:00+00:00,-1,-1.1308411214953284,SL
2024-12-30 14:15:00+00:00,-1,-0.08139534883720556,SL
2024-12-31 16:15:00+00:00,-1,-1.0939597315436174,SL
2025-01-07 16:15:00+00:00,-1,1.9826589595374822,TP
2025-01-09 08:00:00+00:00,-1,-1.160919540229845,SL
2025-01-13 08:00:00+00:00,-1,-1.1359223300970651,SL
2025-01-14 12:15:00+00:00,-1,-1.1186440677965825,SL
2025-01-15 16:15:00+00:00,-1,-0.07070707070706976,SL
2025-01-20 13:15:00+00:00,1,-1.1400000000000046,SL
2025-01-21 08:00:00+00:00,1,-1.108527131782936,SL
2025-01-24 08:15:00+00:00,1,1.965034965034765,TP
2025-01-27 10:15:00+00:00,1,1.9708029197078691,TP
2025-01-30 13:15:00+00:00,1,1.959595959596401,TP
2025-02-03 08:00:00+00:00,-1,-1.0773480662983421,SL
2025-02-04 08:00:00+00:00,-1,-1.1176470588235177,SL
2025-02-10 08:00:00+00:00,-1,-1.1728395061728307,SL
2025-02-12 13:15:00+00:00,-1,1.9523809523809497,TP
2025-02-13 08:00:00+00:00,1,-1.1428571428571344,SL
2025-02-18 15:15:00+00:00,1,-0.14432989690721773,SL
2025-02-20 16:15:00+00:00,1,1.9760000000000517,TP
2025-02-24 08:00:00+00:00,1,-1.128440366972463,SL
2025-02-28 08:00:00+00:00,-1,-1.1666666666666632,SL
2025-03-03 08:00:00+00:00,-1,-0.1666666666666631,SL
2025-03-04 08:00:00+00:00,1,1.9652173913043474,TP
2025-03-05 08:00:00+00:00,1,1.9825581395346652,TP
2025-03-06 08:00:00+00:00,1,-0.08536585365852539,SL
2025-03-07 08:00:00+00:00,1,1.962264150943189,TP
2025-03-10 08:15:00+00:00,1,1.9703703703705338,TP
2025-03-11 11:15:00+00:00,1,-0.08092485549132268,SL
2025-03-14 09:15:00+00:00,1,1.9685039370077018,TP
2025-03-17 14:15:00+00:00,1,-1.118644067796605,SL
2025-03-18 08:00:00+00:00,1,-1.155555555555522,SL
