basket,dir,burst,t0,lots,n,px
L001,long,1,2026-06-29 12:23:35,0.02,1,4049.82
L001,long,2,2026-06-29 12:26:29,0.02,1,4046.78
L002,long,1,2026-06-29 12:37:55,0.02,1,4043.2299999999996
L002,long,2,2026-06-29 12:40:38,0.02,1,4042.4100000000003
L002,long,3,2026-06-29 12:48:33,0.03,1,4039.17
L002,long,4,2026-06-29 12:50:26,0.04,1,4036.61
L002,long,5,2026-06-29 12:51:54,0.05,1,4034.0200000000004
L002,long,6,2026-06-29 12:57:00,0.06,1,4032.53
L002,long,7,2026-06-29 12:57:39,0.08,1,4025.86
L002,long,8,2026-06-29 12:57:45,0.11,1,4028.06
L003,long,1,2026-06-29 14:23:35,0.02,1,4030.6599999999994
L003,long,2,2026-06-29 14:27:01,0.02,1,4028.67
L004,long,1,2026-06-29 14:34:25,0.02,1,4034.2
L005,long,1,2026-06-29 15:22:43,0.02,1,4042.99
L005,long,2,2026-06-29 15:24:04,0.02,1,4040.05
L005,long,3,2026-06-29 15:26:51,0.03,1,4039.2
L006,long,1,2026-06-29 15:42:06,0.02,1,4043.1199999999994
L007,long,1,2026-06-29 16:11:19,0.02,1,4045.92
L008,long,1,2026-06-29 16:22:05,0.02,1,4045.08
L008,long,2,2026-06-29 16:25:44,0.02,1,4041.63
L008,long,3,2026-06-29 16:27:37,0.03,1,4040.48
L008,long,4,2026-06-29 16:30:16,0.04,1,4038.12
L009,long,1,2026-06-29 16:36:26,0.02,1,4040.64
L009,long,2,2026-06-29 16:37:50,0.02,1,4035.27
L010,long,1,2026-06-29 16:46:42,0.02,1,4036.2500000000005
L010,long,2,2026-06-29 16:49:11,0.02,1,4034.94
L010,long,3,2026-06-29 16:54:24,0.03,1,4033.06
L010,long,4,2026-06-29 16:54:56,0.04,1,4031.8000000000006
L010,long,5,2026-06-29 16:56:44,0.05,1,4029.77
L011,long,1,2026-06-29 17:02:44,0.02,1,4031.4700000000003
L011,long,2,2026-06-29 17:03:28,0.02,1,4027.23
L011,long,3,2026-06-29 17:03:41,0.03,1,4025.82
L011,long,4,2026-06-29 17:06:29,0.04,1,4019.2800000000007
L011,long,5,2026-06-29 17:06:51,0.05,1,4016.73
L011,long,6,2026-06-29 17:11:12,0.06,1,4013.3699999999994
L011,long,7,2026-06-29 17:11:43,0.08,1,4013.46
L011,long,8,2026-06-29 17:12:30,0.11,1,4011.25
L011,long,9,2026-06-29 17:13:11,0.14,1,4012.02
L012,long,1,2026-06-29 17:15:37,0.02,1,4003.18
L013,long,1,2026-06-29 17:29:49,0.02,1,4024.38
L014,long,1,2026-06-29 17:34:40,0.02,1,4028.2899999999995
L014,long,2,2026-06-29 17:39:16,0.02,1,4022.53
L015,long,1,2026-06-29 17:48:11,0.02,1,4019.9800000000005
L016,long,1,2026-06-29 17:59:26,0.02,1,4025.2200000000003
L016,long,2,2026-06-29 18:03:21,0.02,1,4022.58
L016,long,3,2026-06-29 18:13:48,0.03,1,4020.74
L017,long,1,2026-06-29 18:21:30,0.02,1,4021.04
L017,long,2,2026-06-29 18:24:10,0.02,1,4018.2700000000004
L018,long,1,2026-06-29 18:38:07,0.02,1,4018.5300000000007
L019,long,1,2026-06-29 19:00:59,0.02,1,4026.8300000000004
L019,long,2,2026-06-29 19:15:25,0.02,1,4024.07
L019,long,3,2026-06-29 19:16:08,0.03,1,4022.44
L019,long,4,2026-06-29 19:33:09,0.04,1,4020.17
L020,long,1,2026-06-29 20:00:30,0.02,1,4025.15
L021,long,1,2026-06-29 20:24:31,0.02,1,4027.81
L021,long,2,2026-06-29 20:26:31,0.02,1,4024.83
L021,long,3,2026-06-29 20:32:31,0.03,1,4022.28
L021,long,4,2026-06-29 20:59:03,0.04,1,4020.68
L022,long,1,2026-06-30 09:36:00,0.02,1,4031.86
L022,long,2,2026-06-30 09:37:46,0.02,1,4025.11
L022,long,3,2026-06-30 09:39:35,0.02,1,4022.44
L023,long,1,2026-06-30 10:00:07,0.02,1,4030.0699999999997
L024,long,1,2026-06-30 10:03:24,0.04,2,4027.105
L025,long,1,2026-06-30 10:04:59,0.04,2,4027.5199999999995
L026,long,1,2026-06-30 10:07:17,0.02,1,4029.73
L027,long,1,2026-07-02 09:15:19,0.02,1,4068.45
L028,long,1,2026-07-02 09:30:03,0.02,1,4074.95
L028,long,2,2026-07-02 09:39:48,0.02,1,4073.54
L028,long,3,2026-07-02 09:43:23,0.03,1,4067.16
L029,long,1,2026-07-02 10:04:06,0.02,1,4068.9700000000003
L030,long,1,2026-07-02 10:13:22,0.02,1,4069.1200000000003
L030,long,2,2026-07-02 10:17:15,0.02,1,4067.29
L030,long,3,2026-07-02 10:20:23,0.03,1,4066.15
L030,long,4,2026-07-02 10:24:02,0.04,1,4063.0100000000007
L031,long,1,2026-07-02 10:48:26,0.02,1,4069.01
L031,long,2,2026-07-02 10:54:58,0.02,1,4066.7099999999996
L031,long,3,2026-07-02 10:55:46,0.03,1,4064.76
L031,long,4,2026-07-02 11:00:39,0.04,1,4063.28
L032,long,1,2026-07-02 11:14:49,0.02,1,4070.36
L033,long,1,2026-07-02 11:33:07,0.02,1,4074.5200000000004
L034,long,1,2026-07-02 11:52:17,0.02,1,4075.2299999999996
L035,long,1,2026-07-02 12:06:06,0.02,1,4075.08
L035,long,2,2026-07-02 12:07:23,0.02,1,4072.1699999999996
L035,long,3,2026-07-02 12:17:22,0.03,1,4071.48
L035,long,4,2026-07-02 12:25:41,0.04,1,4067.79
L035,long,5,2026-07-02 12:31:30,0.05,1,4066.0
L036,long,1,2026-07-02 12:56:01,0.02,1,4066.1
L036,long,2,2026-07-02 13:04:13,0.02,1,4064.84
L037,long,1,2026-07-02 14:04:29,0.02,1,4061.41
L037,long,2,2026-07-02 14:06:25,0.02,1,4059.14
L038,long,1,2026-07-02 16:08:07,0.02,1,4119.73
L038,long,2,2026-07-02 16:09:09,0.02,1,4117.5
L039,long,1,2026-07-02 16:16:12,0.02,1,4121.25
L039,long,2,2026-07-02 16:18:33,0.02,1,4116.02
L039,long,3,2026-07-02 16:22:17,0.03,1,4115.08
L040,long,1,2026-07-02 16:24:57,0.02,1,4114.24
L040,long,2,2026-07-02 16:25:40,0.02,1,4112.81
L040,long,3,2026-07-02 16:25:54,0.03,1,4110.94
L041,long,1,2026-07-02 16:30:06,0.02,1,4113.73
L041,long,2,2026-07-02 16:30:24,0.02,1,4111.99
L042,long,1,2026-07-02 16:38:20,0.02,1,4129.64
L043,long,1,2026-07-02 16:54:49,0.02,1,4134.57
L044,long,1,2026-07-02 16:56:03,0.02,1,4137.89
L045,long,1,2026-07-02 16:56:26,0.02,1,4138.61
L046,long,1,2026-07-02 16:59:28,0.02,1,4137.35
L046,long,2,2026-07-02 17:00:35,0.02,1,4134.09
L046,long,3,2026-07-02 17:01:47,0.03,1,4131.94
L046,long,4,2026-07-02 17:04:35,0.04,1,4129.39
L047,long,1,2026-07-02 17:10:48,0.02,1,4125.95
L048,long,1,2026-07-02 17:19:23,0.02,1,4128.34
L048,long,2,2026-07-02 17:20:59,0.02,1,4125.05
L048,long,3,2026-07-02 17:21:34,0.03,1,4122.87
L048,long,4,2026-07-02 17:26:51,0.04,1,4120.81
L048,long,5,2026-07-02 17:28:08,0.05,1,4117.03
L048,long,6,2026-07-02 17:29:28,0.06,1,4115.52
L049,long,1,2026-07-02 17:48:41,0.02,1,4117.74
L050,long,1,2026-07-02 18:05:04,0.02,1,4127.88
L050,long,2,2026-07-02 18:06:08,0.02,1,4122.83
L050,long,3,2026-07-02 18:07:41,0.03,1,4116.15
L051,long,1,2026-07-02 18:16:18,0.02,1,4124.16
L051,long,2,2026-07-02 18:18:18,0.02,1,4122.08
L052,long,1,2026-07-02 18:28:07,0.02,1,4126.35
L052,long,2,2026-07-02 18:30:05,0.02,1,4124.19
L053,long,1,2026-07-02 18:41:20,0.02,1,4126.91
L054,long,1,2026-07-03 04:49:21,0.2,1,4182.77
L055,long,1,2026-07-03 04:55:06,0.2,1,4180.04
L056,long,1,2026-07-03 10:59:22,0.02,1,4176.61
L057,long,1,2026-07-03 11:31:54,0.02,1,4182.27
L058,long,1,2026-07-03 11:50:33,0.02,1,4178.39
L059,long,1,2026-07-03 12:11:12,0.02,1,4177.32
L060,long,1,2026-07-03 12:25:31,0.02,1,4174.5
L060,long,2,2026-07-03 12:27:26,0.02,1,4172.98
L060,long,3,2026-07-03 12:34:31,0.03,1,4170.65
L061,long,1,2026-07-03 13:38:01,0.02,1,4177.2
L062,long,1,2026-07-03 14:59:17,0.02,1,4179.82
L063,long,1,2026-07-03 15:19:07,0.02,1,4176.7
L063,long,2,2026-07-03 15:20:19,0.02,1,4174.83
L063,long,3,2026-07-03 15:27:36,0.03,1,4173.54
L064,long,1,2026-07-03 15:59:02,0.02,1,4174.35
L065,long,1,2026-07-03 16:01:55,0.02,1,4174.24
L065,long,2,2026-07-03 16:06:47,0.02,1,4171.63
L065,long,3,2026-07-03 16:10:12,0.03,1,4167.4
L065,long,4,2026-07-03 16:13:25,0.04,1,4166.02
L066,long,1,2026-07-03 16:18:06,0.02,1,4168.48
L066,long,2,2026-07-03 16:37:49,0.02,1,4166.92
L066,long,3,2026-07-03 16:49:03,0.03,1,4164.85
L066,long,4,2026-07-03 17:09:13,0.04,1,4157.28
L067,long,1,2026-07-07 01:35:35,0.02,1,4167.33
L067,long,2,2026-07-07 02:30:42,0.02,1,4164.06
L067,long,3,2026-07-07 02:43:15,0.02,1,4162.12
L067,long,4,2026-07-07 03:00:04,0.03,1,4157.3
L067,long,5,2026-07-07 03:00:45,0.04,1,4156.62
L067,long,6,2026-07-07 03:12:42,0.05,1,4154.11
L068,long,1,2026-07-07 03:38:29,0.02,1,4152.09
L068,long,2,2026-07-07 03:40:19,0.02,1,4150.52
L068,long,3,2026-07-07 03:48:19,0.03,1,4149.21
L069,long,1,2026-07-07 09:12:18,0.02,1,4122.77
L070,long,1,2026-07-07 09:30:41,0.02,1,4126.87
L071,long,1,2026-07-07 10:04:21,0.02,1,4126.39
L072,long,1,2026-07-07 10:56:23,0.02,1,4125.98
L073,long,1,2026-07-07 11:22:03,0.02,1,4135.14
L074,long,1,2026-07-07 11:36:35,0.02,1,4132.04
L074,long,2,2026-07-07 11:43:22,0.02,1,4130.34
L074,long,3,2026-07-07 11:52:41,0.03,1,4126.87
L074,long,4,2026-07-07 11:54:04,0.04,1,4123.3
L075,long,1,2026-07-07 12:27:47,0.02,1,4124.72
L075,long,2,2026-07-07 12:29:56,0.02,1,4121.5
L076,long,1,2026-07-07 12:51:15,0.02,1,4126.31
L077,long,1,2026-07-07 14:59:49,0.02,1,4157.59
L078,long,1,2026-07-07 15:09:46,0.02,1,4169.87
L078,long,2,2026-07-07 15:09:52,0.02,1,4170.52
L078,long,3,2026-07-07 15:10:14,0.02,1,4169.52
L078,long,4,2026-07-07 15:11:29,0.02,1,4167.87
L079,long,1,2026-07-07 15:18:56,0.02,1,4170.03
L079,long,2,2026-07-07 15:20:26,0.02,1,4166.41
L080,long,1,2026-07-07 15:37:36,0.02,1,4163.81
L081,long,1,2026-07-07 15:42:19,0.02,1,4163.73
L082,long,1,2026-07-07 16:02:18,0.02,1,4168.01
L082,long,2,2026-07-07 16:04:51,0.02,1,4166.66
L082,long,3,2026-07-07 16:07:03,0.03,1,4164.19
L082,long,4,2026-07-07 16:11:17,0.04,1,4161.77
L083,long,1,2026-07-07 16:38:19,0.02,1,4173.55
L083,long,2,2026-07-07 16:39:07,0.02,1,4169.67
L084,long,1,2026-07-07 16:51:59,0.02,1,4170.95
L084,long,2,2026-07-07 16:53:39,0.02,1,4167.42
L084,long,3,2026-07-07 16:54:40,0.03,1,4165.79
L084,long,4,2026-07-07 16:56:35,0.04,1,4164.38
L084,long,5,2026-07-07 16:57:06,0.05,1,4162.09
L084,long,6,2026-07-07 16:57:58,0.06,1,4159.26
L084,long,7,2026-07-07 16:59:12,0.08,1,4157.43
L084,long,8,2026-07-07 17:03:56,0.11,1,4155.58
L084,long,9,2026-07-07 17:04:55,0.14,1,4154.75
L084,long,10,2026-07-07 17:14:29,0.18,1,4152.88
L085,long,1,2026-07-07 17:21:42,0.02,1,4155.93
L085,long,2,2026-07-07 17:23:24,0.02,1,4153.52
L086,long,1,2026-07-07 17:32:44,0.02,1,4154.43
L086,long,2,2026-07-07 17:34:44,0.02,1,4152.1
L086,long,3,2026-07-07 17:35:37,0.03,1,4147.81
L086,long,4,2026-07-07 17:41:25,0.04,1,4147.08
L086,long,5,2026-07-07 17:42:16,0.05,1,4144.73
L087,long,1,2026-07-07 18:00:05,0.02,1,4153.07
L087,long,2,2026-07-07 18:00:36,0.02,1,4152.59
L087,long,3,2026-07-07 18:05:50,0.03,1,4150.97
L088,long,1,2026-07-07 18:14:01,0.02,1,4149.86
L088,long,2,2026-07-07 18:15:44,0.02,1,4146.39
L088,long,3,2026-07-07 18:18:33,0.03,1,4142.87
L088,long,4,2026-07-07 18:52:05,0.04,1,4142.19
L088,long,5,2026-07-07 18:54:45,0.05,1,4138.83
L088,long,6,2026-07-07 18:55:44,0.06,1,4137.75
L089,long,1,2026-07-07 19:36:43,0.02,1,4144.18
L089,long,2,2026-07-07 19:46:57,0.02,1,4142.15
L090,long,1,2026-07-08 08:48:31,0.02,1,4127.39
L090,long,2,2026-07-08 09:05:48,0.02,1,4124.91
L090,long,3,2026-07-08 09:07:34,0.03,1,4123.79
L091,long,1,2026-07-08 09:33:46,0.02,1,4126.77
L091,long,2,2026-07-08 09:48:50,0.02,1,4125.35
L091,long,3,2026-07-08 10:00:32,0.03,1,4123.79
L091,long,4,2026-07-08 10:04:42,0.04,1,4122.45
L091,long,5,2026-07-08 10:06:09,0.05,1,4119.22
L091,long,6,2026-07-08 10:13:23,0.06,1,4118.18
L091,long,7,2026-07-08 10:19:51,0.08,1,4116.39
L092,long,1,2026-07-08 10:52:26,0.02,1,4123.65
L092,long,2,2026-07-08 10:54:01,0.02,1,4121.87
L092,long,3,2026-07-08 10:56:21,0.03,1,4120.56
L092,long,4,2026-07-08 11:02:09,0.04,1,4118.18
L092,long,5,2026-07-08 11:16:43,0.05,1,4113.2
L092,long,6,2026-07-08 11:17:03,0.06,1,4104.3
L092,long,7,2026-07-08 11:17:18,0.08,1,4104.18
L092,long,8,2026-07-08 11:17:33,0.11,1,4100.98
L092,long,9,2026-07-08 11:18:08,0.32,2,4087.9737500000006
L092,long,10,2026-07-08 11:18:26,0.23,1,4085.46
L092,long,11,2026-07-08 11:18:39,0.3,1,4081.63
L093,long,1,2026-07-08 11:20:38,0.02,1,4090.48
L093,long,2,2026-07-08 11:22:33,0.02,1,4088.83
L093,long,3,2026-07-08 11:23:19,0.03,1,4088.59
L093,long,4,2026-07-08 11:24:44,0.04,1,4084.46
L093,long,5,2026-07-08 11:25:24,0.05,1,4082.07
L094,long,1,2026-07-08 11:31:45,0.02,1,4087.61
L094,long,2,2026-07-08 11:32:48,0.02,1,4079.42
L094,long,3,2026-07-08 11:35:24,0.03,1,4078.93
L094,long,4,2026-07-08 11:36:40,0.04,1,4075.19
L094,long,5,2026-07-08 11:37:17,0.05,1,4073.48
L094,long,6,2026-07-08 11:39:34,0.06,1,4069.1
L094,long,7,2026-07-08 11:40:51,0.08,1,4065.2500000000005
L094,long,8,2026-07-08 11:42:05,0.11,1,4062.76
L095,long,1,2026-07-08 11:50:07,0.02,1,4064.03
L095,long,2,2026-07-08 11:50:17,0.02,1,4064.12
L096,long,1,2026-07-08 11:56:54,0.02,1,4057.94
L096,long,2,2026-07-08 11:58:51,0.02,1,4053.18
L096,long,3,2026-07-08 12:00:32,0.03,1,4054.11
L096,long,4,2026-07-08 12:09:49,0.04,1,4052.35
L097,long,1,2026-07-08 12:17:21,0.02,1,4055.3
L098,long,1,2026-07-08 12:25:30,0.02,1,4055.93
L099,long,1,2026-07-08 12:30:50,0.02,1,4053.66
L100,long,1,2026-07-08 12:39:14,0.02,1,4052.0900000000006
L100,long,2,2026-07-08 12:43:31,0.02,1,4046.03
L101,long,1,2026-07-08 12:59:03,0.02,1,4042.3699999999994
L102,long,1,2026-07-08 13:09:41,0.02,1,4042.4599999999996
L103,long,1,2026-07-08 13:28:19,0.02,1,4050.79
L104,long,1,2026-07-08 13:49:53,0.02,1,4055.6800000000003
L104,long,2,2026-07-08 14:00:41,0.02,1,4051.9800000000005
L105,long,1,2026-07-08 14:10:02,0.02,1,4050.96
L106,long,1,2026-07-08 14:33:18,0.02,1,4047.65
L106,long,2,2026-07-08 14:37:30,0.02,1,4045.96
L106,long,3,2026-07-08 14:38:40,0.03,1,4042.63
L107,long,1,2026-07-08 15:56:36,0.02,1,4079.69
L107,long,2,2026-07-08 15:56:44,0.02,1,4078.17
L107,long,3,2026-07-08 15:56:56,0.03,1,4076.29
L107,long,4,2026-07-08 15:59:37,0.04,1,4072.9500000000003
L108,long,1,2026-07-08 16:08:06,0.02,1,4074.09
L108,long,2,2026-07-08 16:14:11,0.02,1,4072.1800000000003
L108,long,3,2026-07-08 16:24:12,0.03,1,4070.05
L109,long,1,2026-07-08 16:29:35,0.02,1,4067.36
L109,long,2,2026-07-08 16:29:43,0.02,1,4067.5000000000005
L110,long,1,2026-07-08 16:35:56,0.02,1,4074.82
L111,long,1,2026-07-08 16:50:04,0.02,1,4071.08
L111,long,2,2026-07-08 17:00:34,0.02,1,4065.67
L111,long,3,2026-07-08 17:07:13,0.03,1,4063.16
L111,long,4,2026-07-08 17:11:35,0.04,1,4060.6300000000006
L111,long,5,2026-07-08 17:15:11,0.05,1,4058.65
L111,long,6,2026-07-08 17:16:07,0.06,1,4055.87
L111,long,7,2026-07-08 17:16:26,0.08,1,4052.59
L112,long,1,2026-07-08 17:24:20,0.02,1,4058.57
L113,long,1,2026-07-08 17:27:20,0.02,1,4060.9899999999993
L114,long,1,2026-07-08 17:30:44,0.02,1,4059.36
L114,long,2,2026-07-08 17:32:48,0.02,1,4053.2399999999993
L114,long,3,2026-07-08 17:36:12,0.03,1,4052.62
L114,long,4,2026-07-08 17:36:43,0.04,1,4050.4600000000005
L114,long,5,2026-07-08 17:37:29,0.05,1,4047.03
L114,long,6,2026-07-08 17:39:27,0.06,1,4044.32
L114,long,7,2026-07-08 17:39:33,0.08,1,4044.39
L114,long,8,2026-07-08 17:43:34,0.11,1,4041.56
L114,long,9,2026-07-08 17:44:10,0.14,1,4040.5799999999995
L114,long,10,2026-07-08 17:44:58,0.18,1,4036.52
L114,long,11,2026-07-08 17:47:14,0.23,1,4036.28
L115,long,1,2026-07-08 17:57:30,0.02,1,4041.7799999999997
L115,long,2,2026-07-08 18:00:30,0.02,1,4039.66
L115,long,3,2026-07-08 18:02:14,0.03,1,4038.23
L116,long,1,2026-07-08 18:07:58,0.02,1,4040.67
L116,long,2,2026-07-08 18:12:54,0.02,1,4038.14
L116,long,3,2026-07-08 18:15:02,0.03,1,4035.0
L116,long,4,2026-07-08 18:15:29,0.04,1,4033.65
L116,long,5,2026-07-08 18:15:44,0.05,1,4031.34
L116,long,6,2026-07-08 18:16:42,0.06,1,4030.41
L117,long,1,2026-07-08 18:23:10,0.02,1,4029.2099999999996
L117,long,2,2026-07-08 18:25:04,0.02,1,4027.99
L118,long,1,2026-07-08 18:32:38,0.02,1,4023.39
L119,long,1,2026-07-08 18:57:05,0.02,1,4031.87
L120,long,1,2026-07-08 19:37:09,0.02,1,4041.91
L121,long,1,2026-07-08 19:52:05,0.02,1,4061.8
L122,long,1,2026-07-08 20:19:14,0.02,1,4064.9899999999993
L123,long,1,2026-07-08 20:22:36,0.02,1,4070.91
L124,long,1,2026-07-08 20:25:46,0.02,1,4072.5
L125,long,1,2026-07-08 20:30:07,0.02,1,4074.5600000000004
L126,long,1,2026-07-08 20:36:30,0.02,1,4071.21
L127,long,1,2026-07-08 20:56:02,0.02,1,4066.8400000000006
L127,long,2,2026-07-08 21:00:20,0.02,1,4065.44
L128,long,1,2026-07-08 21:05:42,0.02,1,4068.9700000000003
L128,long,2,2026-07-08 21:08:16,0.02,1,4067.86
L129,long,1,2026-07-09 08:21:17,0.02,1,4067.89
L130,long,1,2026-07-09 08:30:27,0.02,1,4069.1099999999997
L130,long,2,2026-07-09 08:31:24,0.02,1,4066.87
L131,long,1,2026-07-09 09:01:53,0.02,1,4096.7
L131,long,2,2026-07-09 09:02:33,0.02,1,4093.79
L131,long,3,2026-07-09 09:04:01,0.03,1,4091.02
L131,long,4,2026-07-09 09:07:58,0.04,1,4089.79
L132,long,1,2026-07-09 09:17:35,0.02,1,4096.07
L133,long,1,2026-07-09 09:21:12,0.02,1,4096.98
L134,long,1,2026-07-09 09:22:29,0.02,1,4100.08
L135,long,1,2026-07-09 09:26:00,0.02,1,4101.56
L136,long,1,2026-07-09 09:27:31,0.02,1,4102.1
L137,long,1,2026-07-09 09:31:42,0.02,1,4102.21
L138,long,1,2026-07-09 09:32:30,0.02,1,4104.45
L139,long,1,2026-07-09 09:39:02,0.02,1,4100.42
L139,long,2,2026-07-09 09:40:05,0.02,1,4099.24
L139,long,3,2026-07-09 09:41:07,0.03,1,4097.82
L140,long,1,2026-07-09 09:58:48,0.02,1,4106.85
L141,long,1,2026-07-09 10:15:03,0.02,1,4103.03
L142,long,1,2026-07-09 10:29:19,0.02,1,4109.09
L143,long,1,2026-07-09 11:06:56,0.02,1,4108.95
L144,long,1,2026-07-09 11:14:47,0.02,1,4107.33
L145,long,1,2026-07-09 11:18:13,0.02,1,4111.59
L146,long,1,2026-07-09 11:21:06,0.02,1,4112.88
L147,long,1,2026-07-09 11:35:01,0.02,1,4111.55
L148,long,1,2026-07-09 12:01:02,0.02,1,4108.04
L149,long,1,2026-07-09 12:35:01,0.02,1,4106.61
L149,long,2,2026-07-09 12:41:32,0.02,1,4105.0
L150,long,1,2026-07-09 13:33:29,0.02,1,4103.86
L150,long,2,2026-07-09 13:49:49,0.02,1,4101.05
L150,long,3,2026-07-09 13:53:03,0.03,1,4095.4
L151,long,1,2026-07-09 15:04:58,0.02,1,4108.21
L152,long,1,2026-07-09 15:18:32,0.02,1,4111.29
L152,long,2,2026-07-09 15:20:03,0.02,1,4108.16
L152,long,3,2026-07-09 15:20:34,0.03,1,4107.96
L153,long,1,2026-07-09 15:45:20,0.02,1,4113.29
L153,long,2,2026-07-09 15:56:32,0.02,1,4111.0
L153,long,3,2026-07-09 16:00:02,0.03,1,4109.17
L154,long,1,2026-07-09 16:19:55,0.02,1,4120.76
L155,long,1,2026-07-09 16:30:32,0.02,1,4121.19
L156,long,1,2026-07-09 16:35:13,0.02,1,4124.99
L157,long,1,2026-07-09 16:40:36,0.02,1,4123.65
L158,long,1,2026-07-09 16:46:59,0.02,1,4122.81
L159,long,1,2026-07-09 16:55:35,0.02,1,4120.5
L160,long,1,2026-07-09 17:11:11,0.02,1,4122.9
L160,long,2,2026-07-09 17:15:57,0.02,1,4117.89
L160,long,3,2026-07-09 17:20:31,0.03,1,4116.0
L161,long,1,2026-07-09 17:39:49,0.02,1,4122.86
L162,long,1,2026-07-09 18:11:27,0.02,1,4126.16
L163,long,1,2026-07-15 09:13:17,0.02,1,4028.98
L163,long,2,2026-07-15 09:15:28,0.02,1,4027.04
L163,long,3,2026-07-15 09:18:56,0.03,1,4025.1899999999996
L163,long,4,2026-07-15 09:22:41,0.04,1,4023.25
L164,long,1,2026-07-15 10:14:33,0.02,1,4029.33
L164,long,2,2026-07-15 10:23:37,0.02,1,4026.6
L164,long,3,2026-07-15 10:27:40,0.03,1,4021.82
L164,long,4,2026-07-15 11:14:17,0.04,1,4018.67
L165,long,1,2026-07-15 12:30:04,0.02,1,4028.5099999999998
L165,long,2,2026-07-15 12:37:39,0.02,1,4027.0700000000006
L166,long,1,2026-07-15 13:25:23,0.02,1,4029.9700000000003
L166,long,2,2026-07-15 13:26:14,0.02,1,4027.97
L167,long,1,2026-07-15 13:48:18,0.02,1,4028.78
L168,long,1,2026-07-15 15:34:24,0.02,1,4054.47
L169,long,1,2026-07-15 16:00:16,0.02,1,4066.19
L170,long,1,2026-07-15 16:02:34,0.02,1,4069.36
L171,long,1,2026-07-15 16:10:34,0.02,1,4066.51
L171,long,2,2026-07-15 16:13:46,0.02,1,4063.7800000000007
L171,long,3,2026-07-15 16:26:03,0.03,1,4059.35
L171,long,4,2026-07-15 16:27:41,0.04,1,4055.8800000000006
L172,long,1,2026-07-15 17:23:49,0.02,1,4059.34
L172,long,2,2026-07-15 17:24:40,0.02,1,4056.98
L173,long,1,2026-07-16 04:46:14,0.02,1,4041.92
L173,long,2,2026-07-16 04:53:26,0.02,1,4038.68
L173,long,3,2026-07-16 05:06:43,0.03,1,4035.25
L173,long,4,2026-07-16 05:11:43,0.04,1,4033.71
L173,long,5,2026-07-16 05:16:24,0.05,1,4030.4600000000005
L173,long,6,2026-07-16 05:39:21,0.06,1,4027.52
L173,long,7,2026-07-16 05:41:52,0.08,1,4025.62
L174,long,1,2026-07-16 06:22:00,0.02,1,4029.1800000000003
L175,long,1,2026-07-16 08:03:58,0.02,1,4032.3799999999997
L175,long,2,2026-07-16 08:19:13,0.02,1,4030.7099999999996
L175,long,3,2026-07-16 08:22:29,0.03,1,4028.53
L175,long,4,2026-07-16 08:30:15,0.04,1,4027.7500000000005
L176,long,1,2026-07-16 08:54:12,0.02,1,4026.7699999999995
L177,long,1,2026-07-16 09:34:52,0.02,1,4027.5199999999995
L177,long,2,2026-07-16 09:35:12,0.02,1,4025.3800000000006
L178,long,1,2026-07-16 10:17:43,0.02,1,4025.65
L179,long,1,2026-07-16 12:32:16,0.02,1,4031.84
L180,long,1,2026-07-16 13:59:55,0.02,1,4029.9900000000002
L180,long,2,2026-07-16 14:14:21,0.02,1,4027.92
L180,long,3,2026-07-16 14:25:50,0.03,1,4022.96
L181,long,1,2026-07-16 14:50:16,0.04,2,4033.7000000000003
L182,long,1,2026-07-16 15:06:33,0.02,1,4036.57
L182,long,2,2026-07-16 15:07:32,0.02,1,4034.9
L182,long,3,2026-07-16 15:11:07,0.03,1,4031.67
L182,long,4,2026-07-16 15:11:18,0.04,1,4030.3
L182,long,5,2026-07-16 15:15:28,0.05,1,4028.21
L182,long,6,2026-07-16 15:16:22,0.14,2,4017.5028571428566
L182,long,7,2026-07-16 15:16:39,0.11,1,4015.16
L182,long,8,2026-07-16 15:16:47,0.14,1,4014.1599999999994
L183,long,1,2026-07-16 15:24:54,0.02,1,4021.69
L183,long,2,2026-07-16 15:25:25,0.02,1,4019.8900000000003
L183,long,3,2026-07-16 15:26:02,0.03,1,4019.07
L184,long,1,2026-07-16 15:33:01,0.02,1,4023.6899999999996
L184,long,2,2026-07-16 15:35:21,0.02,1,4022.62
L184,long,3,2026-07-16 15:37:27,0.03,1,4017.44
L184,long,4,2026-07-16 15:41:04,0.04,1,4009.8000000000006
L184,long,5,2026-07-16 15:41:24,0.05,1,4009.23
L184,long,6,2026-07-16 15:43:51,0.06,1,4005.59
L184,long,7,2026-07-16 15:44:08,0.08,1,4003.9699999999993
L184,long,8,2026-07-16 15:45:29,0.11,1,4001.82
L184,long,9,2026-07-16 15:50:16,0.14,1,3997.9500000000003
L184,long,10,2026-07-16 15:54:39,0.18,1,3996.29
L184,long,11,2026-07-16 15:55:26,0.23,1,3993.28
L184,long,12,2026-07-16 15:58:35,0.3,1,3991.7900000000004
L184,long,13,2026-07-16 16:01:56,0.39,1,3990.49
L184,long,14,2026-07-16 16:02:54,0.51,1,3977.75
L184,long,15,2026-07-16 16:03:01,0.67,1,3979.56
L184,long,16,2026-07-16 16:05:58,0.87,1,3983.91
L185,long,1,2026-07-16 16:20:03,0.02,1,3994.8300000000004
L186,long,1,2026-07-16 16:24:24,0.02,1,3998.57
L187,long,1,2026-07-16 16:32:34,0.02,1,4001.0800000000004
L187,long,2,2026-07-16 16:33:40,0.02,1,3997.1899999999996
L187,long,3,2026-07-16 16:35:02,0.03,1,3994.0
L187,long,4,2026-07-16 16:35:46,0.04,1,3991.39
L187,long,5,2026-07-16 16:36:35,0.05,1,3988.5
L187,long,6,2026-07-16 16:38:42,0.06,1,3986.9
L187,long,7,2026-07-16 16:39:47,0.08,1,3983.6799999999994
L188,long,1,2026-07-16 16:57:01,0.02,1,3989.98
L189,long,1,2026-07-16 17:03:34,0.02,1,3993.43
L190,long,1,2026-07-16 17:11:26,0.02,1,3990.3000000000006
L190,long,2,2026-07-16 17:12:37,0.02,1,3988.5600000000004
L191,long,1,2026-07-16 17:51:10,0.02,1,3999.23
L191,long,2,2026-07-16 17:53:31,0.02,1,3996.2899999999995
L191,long,3,2026-07-16 17:55:36,0.03,1,3993.82
L192,long,1,2026-07-16 18:03:57,0.02,1,3993.77
L192,long,2,2026-07-16 18:06:23,0.02,1,3991.44
L193,long,1,2026-07-16 18:13:59,0.02,1,3990.56
L194,long,1,2026-07-16 18:30:05,0.02,1,4011.52
L194,long,2,2026-07-16 18:30:57,0.02,1,4008.9199999999996
L195,long,1,2026-07-16 18:36:45,0.02,1,4012.46
L196,long,1,2026-07-16 18:38:20,0.02,1,4015.76
L196,long,2,2026-07-16 18:41:38,0.02,1,4010.94
L196,long,3,2026-07-16 18:58:08,0.02,1,4007.01
L196,long,4,2026-07-16 19:01:06,0.03,1,4004.65
L196,long,5,2026-07-16 19:02:52,0.04,1,4002.6600000000003
L196,long,6,2026-07-16 19:05:19,0.05,1,4000.28
L196,long,7,2026-07-16 19:13:10,0.06,1,3993.21
L196,long,8,2026-07-16 19:15:05,0.08,1,3990.2599999999998
L196,long,9,2026-07-16 19:19:08,0.11,1,3988.42
L196,long,10,2026-07-16 19:19:55,0.14,1,3987.12
L196,long,11,2026-07-16 19:20:21,0.18,1,3983.1800000000003
L197,long,1,2026-07-17 07:23:15,0.18,4,3988.1900000000005
L197,long,2,2026-07-17 07:24:21,0.08,1,3987.2
L197,long,3,2026-07-17 07:34:59,0.11,1,3985.27
L197,long,4,2026-07-17 07:38:56,0.14,1,3982.73
L197,long,5,2026-07-17 08:07:30,0.18,1,3979.3499999999995
L197,long,6,2026-07-17 08:17:04,0.23,1,3977.52
L197,long,7,2026-07-17 08:30:47,0.35,2,3985.15
L198,long,1,2026-07-17 11:28:24,0.03,1,3989.96
L199,long,1,2026-07-17 13:52:51,0.03,1,3992.82
L200,long,1,2026-07-17 15:20:59,0.03,1,3987.9
L200,long,2,2026-07-17 15:22:27,0.04,1,3986.74
L200,long,3,2026-07-17 15:33:03,0.05,1,3983.4
L200,long,4,2026-07-17 15:38:03,0.06,1,3980.96
L200,long,5,2026-07-17 15:41:43,0.08,1,3977.12
L200,long,6,2026-07-17 15:42:52,0.11,1,3973.82
L200,long,7,2026-07-17 15:43:13,0.14,1,3968.8399999999997
L200,long,8,2026-07-17 15:50:47,0.18,1,3966.05
L200,long,9,2026-07-17 16:00:11,0.23,1,3964.5
L200,long,10,2026-07-17 16:01:48,0.3,1,3960.62
L201,long,1,2026-07-17 16:41:14,0.03,1,3987.5999999999995
L201,long,2,2026-07-17 16:42:46,0.04,1,3985.92
L201,long,3,2026-07-17 16:44:18,0.05,1,3984.23
L202,long,1,2026-07-17 18:08:24,0.02,1,4006.2
L203,long,1,2026-07-17 18:12:31,0.02,1,4007.19
L203,long,2,2026-07-17 18:14:21,0.02,1,4004.49
L204,long,1,2026-07-17 18:23:55,0.02,1,4009.0200000000004
L205,long,1,2026-07-20 06:38:36,0.02,1,4024.4099999999994
L206,long,1,2026-07-20 07:15:03,0.02,1,4023.38
L207,long,1,2026-07-20 07:55:29,0.04,2,4022.025
L208,long,1,2026-07-20 08:09:29,0.03,1,4016.73
L208,long,2,2026-07-20 08:09:35,0.04,2,4016.5799999999995
L208,long,3,2026-07-20 08:11:07,0.04,1,4015.1000000000004
L208,long,4,2026-07-20 08:13:43,0.05,1,4013.57
L208,long,5,2026-07-20 08:29:52,0.06,1,4011.0599999999995
L208,long,6,2026-07-20 08:36:21,0.08,1,4009.51
L208,long,7,2026-07-20 08:50:08,0.11,1,4006.5600000000004
L208,long,8,2026-07-20 09:29:17,0.14,1,4005.76
L208,long,9,2026-07-20 10:00:48,0.18,1,4003.28
L209,long,1,2026-07-20 11:22:04,0.02,1,4025.2200000000003
L210,long,1,2026-07-20 11:24:56,0.02,1,4030.99
L211,long,1,2026-07-20 11:53:47,0.02,1,4018.9799999999996
L211,long,2,2026-07-20 12:07:03,0.02,1,4016.7099999999996
L212,long,1,2026-07-20 12:30:04,0.02,1,4016.87
L213,long,1,2026-07-20 14:13:21,0.02,1,4021.3
L214,long,1,2026-07-20 14:31:34,0.02,1,4035.82
L215,long,1,2026-07-20 14:32:07,0.02,1,4031.85
L216,long,1,2026-07-20 14:37:07,0.02,1,4030.6599999999994
L217,long,1,2026-07-20 14:49:09,0.02,1,4028.4600000000005
L217,long,2,2026-07-20 14:51:34,0.02,1,4027.06
L217,long,3,2026-07-20 15:01:02,0.03,1,4020.14
L217,long,4,2026-07-20 15:02:36,0.04,1,4014.2199999999993
L217,long,5,2026-07-20 15:15:31,0.05,1,4011.38
L217,long,6,2026-07-20 15:22:27,0.06,1,4009.71
L217,long,7,2026-07-20 15:43:33,0.08,1,4008.3200000000006
L218,long,1,2026-07-20 16:46:07,0.02,1,4011.69
L218,long,2,2026-07-20 16:51:01,0.02,1,4009.72
L218,long,3,2026-07-20 16:58:39,0.03,1,4007.23
L218,long,4,2026-07-20 17:00:25,0.04,1,4006.4999999999995
L218,long,5,2026-07-20 17:02:45,0.05,1,4002.84
L218,long,6,2026-07-20 17:10:43,0.06,1,4000.8699999999994
L219,long,1,2026-07-20 17:56:13,0.02,1,4008.27
L219,long,2,2026-07-20 17:59:14,0.02,1,4006.64
L220,long,1,2026-07-20 18:39:02,0.02,1,4011.8499999999995
L221,long,1,2026-07-20 19:25:25,0.02,1,4012.2800000000007
L221,long,2,2026-07-20 19:35:47,0.02,1,4011.1199999999994
L221,long,3,2026-07-20 19:41:35,0.03,1,4004.03
L222,long,1,2026-07-21 08:52:41,0.02,1,4063.5800000000004
L223,long,1,2026-07-21 09:20:50,0.02,1,4070.87
L224,long,1,2026-07-21 10:01:15,0.02,1,4079.35
L225,long,1,2026-07-21 10:48:00,0.02,1,4071.66
L225,long,2,2026-07-21 11:02:02,0.02,1,4069.8100000000004
L225,long,3,2026-07-21 11:03:00,0.03,1,4067.55
L225,long,4,2026-07-21 11:23:49,0.04,1,4064.62
L225,long,5,2026-07-21 11:37:43,0.05,1,4062.42
L225,long,6,2026-07-21 11:50:07,0.06,1,4060.72
L226,long,1,2026-07-21 12:43:55,0.02,1,4062.49
L227,long,1,2026-07-21 13:10:33,0.02,1,4064.78
L228,long,1,2026-07-21 14:02:01,0.02,1,4061.2599999999998
L228,long,2,2026-07-21 14:05:22,0.02,1,4058.64
L228,long,3,2026-07-21 14:47:23,0.03,1,4056.2
L229,long,1,2026-07-21 15:36:23,0.02,1,4057.3100000000004
L229,long,2,2026-07-21 15:37:51,0.02,1,4055.36
L229,long,3,2026-07-21 15:43:57,0.03,1,4053.49
L230,long,1,2026-07-21 15:54:00,0.02,1,4056.7800000000007
L230,long,2,2026-07-21 15:57:21,0.02,1,4054.8499999999995
L231,long,1,2026-07-21 16:21:14,0.02,1,4054.3100000000004
L231,long,2,2026-07-21 16:29:24,0.02,1,4051.57
L231,long,3,2026-07-21 16:31:42,0.03,1,4049.14
L232,long,1,2026-07-21 16:42:12,0.02,1,4051.0600000000004
L232,long,2,2026-07-21 16:43:29,0.02,1,4049.17
L232,long,3,2026-07-21 16:44:18,0.03,1,4046.26
L233,long,1,2026-07-21 17:22:53,0.02,1,4062.49
L234,long,1,2026-07-21 17:25:34,0.02,1,4067.4199999999996
L235,long,1,2026-07-21 17:36:10,0.02,1,4065.66
L235,long,2,2026-07-21 17:38:31,0.02,1,4063.55
L236,long,1,2026-07-21 17:48:08,0.02,1,4070.48
L237,long,1,2026-07-21 18:21:47,0.02,1,4078.2399999999993
L238,long,1,2026-07-21 18:46:22,0.02,1,4075.82
L238,long,2,2026-07-21 18:49:59,0.02,1,4073.46
L239,long,1,2026-07-21 19:28:17,0.02,1,4075.5
L239,long,2,2026-07-21 19:37:33,0.02,1,4072.8699999999994
L240,long,1,2026-07-22 19:10:02,0.03,1,4157.16
L241,long,1,2026-07-22 23:34:02,0.05,1,4135.95
L241,long,2,2026-07-22 23:47:02,0.08,1,4129.72
L242,long,1,2026-07-23 02:27:51,0.09,3,4120.423333333334
L242,long,2,2026-07-23 02:28:11,0.05,1,4119.6
L242,long,3,2026-07-23 02:28:31,1.14,8,4120.059824561404
L243,long,1,2026-07-23 10:48:11,0.37,6,4093.3924324324325
L244,long,1,2026-07-23 11:22:20,0.44,5,4091.234772727273
L244,long,2,2026-07-23 11:22:38,0.04,1,4091.0500000000006
L244,long,3,2026-07-23 11:22:46,0.03,1,4091.42
L244,long,4,2026-07-23 11:42:17,0.18,1,4090.11
L245,long,1,2026-07-23 16:12:46,1.6800000000000002,13,4044.1764880952387
S001,short,1,2026-06-29 12:59:27,0.02,1,4030.5999999999995
S001,short,2,2026-06-29 13:00:56,0.02,1,4031.96
S002,short,1,2026-06-29 14:31:18,0.02,1,4035.19
S002,short,2,2026-06-29 14:31:44,0.02,1,4037.0200000000004
S003,short,1,2026-06-29 14:48:33,0.02,1,4036.9399999999996
S003,short,2,2026-06-29 14:57:15,0.02,1,4041.42
S003,short,3,2026-06-29 15:03:23,0.03,1,4043.8
S003,short,4,2026-06-29 15:04:02,0.04,1,4046.15
S003,short,5,2026-06-29 15:10:16,0.05,1,4048.4500000000003
S003,short,6,2026-06-29 15:11:01,0.06,1,4049.85
S003,short,7,2026-06-29 15:13:15,0.08,1,4051.16
S004,short,1,2026-06-29 15:34:18,0.02,1,4042.5800000000004
S004,short,2,2026-06-29 15:37:23,0.02,1,4046.4300000000003
S004,short,3,2026-06-29 16:00:27,0.03,1,4049.01
S004,short,4,2026-06-29 16:04:57,0.04,1,4050.4000000000005
S005,short,1,2026-06-29 16:32:07,0.02,1,4041.1
S006,short,1,2026-06-29 16:40:44,0.02,1,4037.8199999999997
S006,short,2,2026-06-29 16:42:10,0.02,1,4039.47
S006,short,3,2026-06-29 16:43:14,0.03,1,4039.9
S007,short,1,2026-06-29 17:01:42,0.02,1,4033.1200000000003
S008,short,1,2026-06-29 17:09:12,0.02,1,4018.2799999999997
S009,short,1,2026-06-29 17:16:53,0.02,1,4009.4
S010,short,1,2026-06-29 17:18:47,0.02,1,4016.08
S010,short,2,2026-06-29 17:18:58,0.02,1,4015.9199999999996
S010,short,3,2026-06-29 17:21:16,0.03,1,4018.56
S010,short,4,2026-06-29 17:25:16,0.04,1,4021.79
S010,short,5,2026-06-29 17:25:48,0.05,1,4023.52
S010,short,6,2026-06-29 17:26:35,0.06,1,4025.05
S010,short,7,2026-06-29 17:26:49,0.08,1,4026.2300000000005
S011,short,1,2026-06-29 17:53:01,0.02,1,4024.15
S011,short,2,2026-06-29 17:56:33,0.02,1,4028.5700000000006
S012,short,1,2026-06-29 18:29:19,0.02,1,4021.5000000000005
S012,short,2,2026-06-29 18:30:04,0.02,1,4023.43
S012,short,3,2026-06-29 18:31:11,0.03,1,4025.13
S013,short,1,2026-06-29 18:47:48,0.02,1,4024.99
S013,short,2,2026-06-29 18:49:13,0.02,1,4026.1700000000005
S013,short,3,2026-06-29 18:53:37,0.03,1,4028.35
S014,short,1,2026-06-29 19:48:38,0.02,1,4023.39
S014,short,2,2026-06-29 19:50:51,0.02,1,4026.78
S014,short,3,2026-06-29 20:08:39,0.03,1,4030.06
S015,short,1,2026-06-30 09:30:46,0.39999999999999997,4,4014.658000000001
S015,short,2,2026-06-30 09:31:11,0.05,1,4016.39
S015,short,3,2026-06-30 09:31:19,0.04,1,4017.62
S015,short,4,2026-06-30 09:31:26,0.12000000000000001,5,4016.7183333333332
S015,short,5,2026-06-30 09:31:41,0.18,1,4016.5700000000006
S015,short,6,2026-06-30 09:31:51,0.24,1,4016.51
S015,short,7,2026-06-30 09:33:24,0.31,1,4022.63
S015,short,8,2026-06-30 09:35:09,0.41,1,4029.92
S015,short,9,2026-06-30 09:36:00,0.54,1,4031.2099999999996
S016,short,1,2026-06-30 10:03:26,1.26,3,4026.7114285714283
S016,short,2,2026-06-30 10:03:33,0.42,2,4026.8657142857137
S016,short,3,2026-06-30 10:03:44,0.58,10,4025.5887931034495
S016,short,4,2026-06-30 10:04:59,0.24,1,4027.01
S017,short,1,2026-06-30 10:21:35,0.95,2,4029.1113684210522
S017,short,2,2026-06-30 10:21:41,1.3100000000000003,13,4029.4578625954196
S018,short,1,2026-06-30 10:40:34,2.02,8,4029.3889603960397
S018,short,2,2026-06-30 10:40:43,0.23999999999999996,7,4029.4091666666677
S019,short,1,2026-07-01 14:26:59,1.96,4,4022.8092346938774
S019,short,2,2026-07-01 14:27:12,0.24,1,4023.4
S019,short,3,2026-07-01 14:27:23,0.52,4,4023.134615384615
S019,short,4,2026-07-01 14:29:48,0.9,1,4025.97
S019,short,5,2026-07-01 14:43:47,1.17,1,4029.17
S019,short,6,2026-07-01 14:44:05,1.52,1,4030.86
S019,short,7,2026-07-01 14:47:26,1.98,1,4032.09
S019,short,8,2026-07-01 14:48:25,2.57,1,4033.0899999999997
S019,short,9,2026-07-01 14:50:39,3.34,1,4034.8700000000003
S020,short,1,2026-07-02 09:01:03,0.02,1,4070.4299999999994
S020,short,2,2026-07-02 09:02:37,0.02,1,4074.4399999999996
S021,short,1,2026-07-02 09:21:20,0.02,1,4075.1199999999994
S021,short,2,2026-07-02 09:22:57,0.02,1,4078.56
S022,short,1,2026-07-02 09:50:10,0.02,1,4073.35
S022,short,2,2026-07-02 09:57:39,0.02,1,4075.1799999999994
S023,short,1,2026-07-02 10:10:46,0.02,1,4072.67
S024,short,1,2026-07-02 10:40:31,0.02,1,4070.39
S024,short,2,2026-07-02 10:42:49,0.02,1,4074.25
S025,short,1,2026-07-02 11:06:15,0.02,1,4068.0
S025,short,2,2026-07-02 11:10:59,0.02,1,4072.64
S025,short,3,2026-07-02 11:23:22,0.03,1,4076.46
S025,short,4,2026-07-02 11:49:39,0.04,1,4077.97
S026,short,1,2026-07-02 12:43:35,0.02,1,4069.55
S027,short,1,2026-07-02 13:22:46,0.02,1,4066.51
S028,short,1,2026-07-02 13:59:22,0.02,1,4066.87
S029,short,1,2026-07-02 14:12:45,0.02,1,4061.69
S029,short,2,2026-07-02 14:17:06,0.02,1,4064.06
S029,short,3,2026-07-02 14:20:01,0.03,1,4065.03
S029,short,4,2026-07-02 14:43:36,0.04,1,4069.0199999999995
S029,short,5,2026-07-02 14:45:14,0.05,1,4070.83
S030,short,1,2026-07-02 16:10:29,0.02,1,4120.26
S030,short,2,2026-07-02 16:11:18,0.02,1,4121.15
S030,short,3,2026-07-02 16:11:57,0.03,1,4124.25
S031,short,1,2026-07-02 16:30:57,0.02,1,4116.81
S031,short,2,2026-07-02 16:31:15,0.02,1,4118.69
S031,short,3,2026-07-02 16:32:43,0.03,1,4121.9
S031,short,4,2026-07-02 16:33:08,0.04,1,4123.87
S031,short,5,2026-07-02 16:34:06,0.05,1,4127.96
S031,short,6,2026-07-02 16:35:21,0.06,1,4130.1
S031,short,7,2026-07-02 16:35:38,0.08,1,4133.47
S031,short,8,2026-07-02 16:35:57,0.11,1,4136.25
S032,short,1,2026-07-02 16:47:14,0.02,1,4138.56
S033,short,1,2026-07-02 16:48:35,0.02,1,4139.36
S034,short,1,2026-07-02 17:06:56,0.02,1,4130.43
S035,short,1,2026-07-02 17:13:04,0.02,1,4129.49
S035,short,2,2026-07-02 17:16:34,0.02,1,4134.31
S035,short,3,2026-07-02 17:17:07,0.03,1,4135.22
S036,short,1,2026-07-02 17:30:29,0.02,1,4118.14
S036,short,2,2026-07-02 17:31:43,0.02,1,4122.44
S036,short,3,2026-07-02 17:31:56,0.03,1,4124.2
S037,short,1,2026-07-02 17:51:55,0.02,1,4125.13
S038,short,1,2026-07-02 17:56:27,0.02,1,4126.84
S038,short,2,2026-07-02 17:58:32,0.02,1,4128.0
S038,short,3,2026-07-02 18:01:44,0.03,1,4129.55
S039,short,1,2026-07-02 18:10:08,0.02,1,4120.8
S039,short,2,2026-07-02 18:10:42,0.02,1,4122.69
S039,short,3,2026-07-02 18:12:28,0.03,1,4128.89
S040,short,1,2026-07-02 18:22:22,0.02,1,4125.37
S040,short,2,2026-07-02 18:24:34,0.02,1,4130.98
S041,short,1,2026-07-02 18:49:20,0.02,1,4128.98
S042,short,1,2026-07-03 04:31:44,1.5899999999999999,3,4186.713710691824
S042,short,2,2026-07-03 04:31:58,0.31,1,4190.41
S042,short,3,2026-07-03 04:32:11,0.9700000000000002,11,4190.56917525773
S043,short,1,2026-07-03 10:46:02,0.02,1,4179.27
S044,short,1,2026-07-03 11:00:58,0.02,1,4180.4
S044,short,2,2026-07-03 11:03:07,0.02,1,4183.34
S044,short,3,2026-07-03 11:35:08,0.03,1,4185.28
S045,short,1,2026-07-03 11:58:38,0.02,1,4181.34
S046,short,1,2026-07-03 12:56:36,0.02,1,4173.8
S047,short,1,2026-07-03 13:09:25,0.02,1,4178.99
S048,short,1,2026-07-03 14:17:32,0.02,1,4183.85
S048,short,2,2026-07-03 14:46:01,0.02,1,4185.17
S049,short,1,2026-07-03 15:34:01,0.02,1,4174.48
S049,short,2,2026-07-03 15:36:34,0.02,1,4176.57
S050,short,1,2026-07-03 15:49:36,0.02,1,4176.77
S051,short,1,2026-07-03 16:00:23,0.02,1,4177.25
S052,short,1,2026-07-03 16:17:48,0.02,1,4169.33
S052,short,2,2026-07-03 16:30:03,0.02,1,4171.18
S053,short,1,2026-07-07 03:21:36,0.02,1,4159.18
S053,short,2,2026-07-07 03:30:43,0.02,1,4161.28
S054,short,1,2026-07-07 08:55:49,0.02,1,4125.97
S054,short,2,2026-07-07 09:03:01,0.02,1,4128.04
S055,short,1,2026-07-07 09:22:19,0.02,1,4125.8
S055,short,2,2026-07-07 09:25:51,0.02,1,4128.31
S055,short,3,2026-07-07 09:40:55,0.03,1,4131.19
S056,short,1,2026-07-07 10:14:14,0.02,1,4129.17
S056,short,2,2026-07-07 10:17:15,0.02,1,4131.02
S057,short,1,2026-07-07 10:44:57,0.02,1,4129.74
S057,short,2,2026-07-07 10:47:37,0.02,1,4132.28
S058,short,1,2026-07-07 11:12:03,0.02,1,4135.28
S058,short,2,2026-07-07 11:12:44,0.02,1,4136.54
S058,short,3,2026-07-07 11:13:53,0.03,1,4137.87
S059,short,1,2026-07-07 12:09:34,0.02,1,4127.24
S059,short,2,2026-07-07 12:19:00,0.02,1,4129.67
S060,short,1,2026-07-07 12:30:44,0.02,1,4123.94
S060,short,2,2026-07-07 12:35:02,0.02,1,4126.94
S060,short,3,2026-07-07 12:36:04,0.03,1,4130.55
S060,short,4,2026-07-07 12:45:03,0.04,1,4132.27
S061,short,1,2026-07-07 13:01:14,0.02,1,4132.67
S061,short,2,2026-07-07 13:14:36,0.02,1,4133.59
S061,short,3,2026-07-07 13:20:03,0.03,1,4135.83
S061,short,4,2026-07-07 13:27:31,0.04,1,4137.68
S062,short,1,2026-07-07 14:19:38,0.02,1,4141.14
S062,short,2,2026-07-07 14:26:14,0.02,1,4143.5
S062,short,3,2026-07-07 14:36:25,0.03,1,4146.51
S062,short,4,2026-07-07 14:45:06,0.04,1,4147.93
S062,short,5,2026-07-07 14:45:56,0.05,1,4150.24
S062,short,6,2026-07-07 14:51:45,0.06,1,4151.6
S062,short,7,2026-07-07 14:59:54,0.08,1,4156.26
S062,short,8,2026-07-07 15:05:05,0.11,1,4158.76
S062,short,9,2026-07-07 15:07:16,0.14,1,4161.78
S062,short,10,2026-07-07 15:07:38,0.18,1,4162.9
S062,short,11,2026-07-07 15:09:49,0.23,1,4168.94
S062,short,12,2026-07-07 15:09:56,0.3,1,4169.45
S062,short,13,2026-07-07 15:14:36,0.39,1,4173.16
S063,short,1,2026-07-07 15:45:53,0.02,1,4167.32
S064,short,1,2026-07-07 15:59:18,0.02,1,4171.03
S064,short,2,2026-07-07 16:00:17,0.02,1,4174.88
S065,short,1,2026-07-07 16:15:12,0.02,1,4170.28
S066,short,1,2026-07-07 16:31:49,0.02,1,4169.95
S066,short,2,2026-07-07 16:36:19,0.02,1,4175.71
S066,short,3,2026-07-07 16:36:57,0.03,1,4178.27
S067,short,1,2026-07-07 16:41:05,0.02,1,4173.95
S067,short,2,2026-07-07 16:41:25,0.02,1,4176.49
S067,short,3,2026-07-07 16:41:40,0.03,1,4177.3
S067,short,4,2026-07-07 16:42:48,0.04,1,4178.76
S068,short,1,2026-07-07 17:00:05,0.02,1,4158.92
S069,short,1,2026-07-07 17:02:58,0.02,1,4161.54
S070,short,1,2026-07-07 17:03:44,0.02,1,4157.71
S071,short,1,2026-07-07 17:08:12,0.02,1,4153.28
S071,short,2,2026-07-07 17:09:22,0.02,1,4155.48
S071,short,3,2026-07-07 17:09:29,0.02,1,4156.9
S072,short,1,2026-07-07 17:11:17,0.02,1,4153.6
S073,short,1,2026-07-07 17:14:22,0.02,1,4152.31
S073,short,2,2026-07-07 17:17:13,0.02,1,4156.07
S074,short,1,2026-07-07 17:30:10,0.02,1,4157.87
S075,short,1,2026-07-07 17:46:36,0.02,1,4155.77
S076,short,1,2026-07-07 18:41:49,0.02,1,4146.51
S077,short,1,2026-07-07 19:00:08,0.02,1,4138.33
S077,short,2,2026-07-07 19:07:15,0.02,1,4142.79
S077,short,3,2026-07-07 19:20:26,0.03,1,4144.2
S077,short,4,2026-07-07 19:30:01,0.04,1,4145.87
S078,short,1,2026-07-08 08:32:03,0.02,1,4125.51
S078,short,2,2026-07-08 08:35:02,0.02,1,4126.76
S078,short,3,2026-07-08 08:39:07,0.03,1,4128.79
S078,short,4,2026-07-08 08:43:32,0.04,1,4130.56
S079,short,1,2026-07-08 09:13:07,0.02,1,4128.62
S079,short,2,2026-07-08 09:15:44,0.02,1,4130.61
S079,short,3,2026-07-08 09:16:53,0.03,1,4131.68
S080,short,1,2026-07-08 10:17:03,0.02,1,4117.68
S081,short,1,2026-07-08 11:17:14,0.02,1,4102.0
S082,short,1,2026-07-08 11:17:31,0.02,1,4099.65
S083,short,1,2026-07-08 11:18:06,0.04,2,4086.1599999999994
S084,short,1,2026-07-08 11:18:22,0.03,1,4084.97
S085,short,1,2026-07-08 11:19:03,0.02,1,4087.8500000000004
S085,short,2,2026-07-08 11:19:12,0.02,1,4085.66
S086,short,1,2026-07-08 11:19:32,0.02,1,4091.31
S087,short,1,2026-07-08 11:26:03,0.02,1,4086.57
S087,short,2,2026-07-08 11:26:22,0.02,1,4088.5199999999995
S087,short,3,2026-07-08 11:26:40,0.03,1,4089.72
S088,short,1,2026-07-08 11:30:46,0.02,1,4090.82
S089,short,1,2026-07-08 11:33:32,0.02,1,4082.76
S090,short,1,2026-07-08 11:41:45,0.02,1,4062.46
S090,short,2,2026-07-08 11:43:10,0.02,1,4063.95
S090,short,3,2026-07-08 11:44:50,0.02,1,4065.7199999999993
S090,short,4,2026-07-08 11:46:11,0.03,1,4068.39
S090,short,5,2026-07-08 11:48:28,0.04,1,4074.3899999999994
S091,short,1,2026-07-08 11:53:36,0.02,1,4067.96
S092,short,1,2026-07-08 12:15:38,0.02,1,4058.05
S093,short,1,2026-07-08 12:19:41,0.02,1,4060.09
S094,short,1,2026-07-08 12:24:24,0.02,1,4058.6999999999994
S095,short,1,2026-07-08 12:27:16,0.02,1,4058.9199999999996
S096,short,1,2026-07-08 12:34:26,0.02,1,4055.22
S096,short,2,2026-07-08 12:36:27,0.02,1,4057.3399999999997
S097,short,1,2026-07-08 12:47:08,0.02,1,4051.34
S098,short,1,2026-07-08 13:03:50,0.02,1,4047.05
S099,short,1,2026-07-08 13:21:03,0.02,1,4054.03
S099,short,2,2026-07-08 13:33:49,0.02,1,4055.16
S099,short,3,2026-07-08 13:43:34,0.03,1,4056.76
S100,short,1,2026-07-08 14:16:08,0.02,1,4051.34
S100,short,2,2026-07-08 14:16:55,0.02,1,4053.4800000000005
S101,short,1,2026-07-08 14:28:03,0.02,1,4050.68
S102,short,1,2026-07-08 14:43:42,0.02,1,4054.11
S102,short,2,2026-07-08 14:43:49,0.02,1,4054.2200000000003
S102,short,3,2026-07-08 14:44:08,0.03,1,4061.46
S102,short,4,2026-07-08 14:44:26,0.04,1,4062.8100000000004
S102,short,5,2026-07-08 14:44:40,0.05,1,4063.41
S102,short,6,2026-07-08 14:45:32,0.06,1,4067.13
S102,short,7,2026-07-08 14:46:27,0.08,1,4068.69
S102,short,8,2026-07-08 14:46:38,0.11,1,4070.56
S103,short,1,2026-07-08 14:55:26,0.02,1,4063.36
S104,short,1,2026-07-08 15:00:08,0.02,1,4060.5299999999997
S105,short,1,2026-07-08 15:04:03,0.02,1,4065.0599999999995
S105,short,2,2026-07-08 15:06:01,0.02,1,4067.62
S105,short,3,2026-07-08 15:10:11,0.03,1,4070.08
S105,short,4,2026-07-08 15:11:34,0.04,1,4072.1400000000003
S105,short,5,2026-07-08 15:18:31,0.05,1,4073.31
S105,short,6,2026-07-08 15:19:11,0.06,1,4075.85
S106,short,1,2026-07-08 15:27:22,0.02,1,4070.19
S106,short,2,2026-07-08 15:30:08,0.02,1,4073.0099999999998
S107,short,1,2026-07-08 15:35:08,0.02,1,4072.2599999999998
S108,short,1,2026-07-08 15:40:22,0.02,1,4073.23
S108,short,2,2026-07-08 15:42:52,0.02,1,4075.52
S108,short,3,2026-07-08 15:44:02,0.03,1,4077.03
S108,short,4,2026-07-08 15:46:45,0.04,1,4081.34
S108,short,5,2026-07-08 15:50:59,0.05,1,4083.21
S108,short,6,2026-07-08 15:52:02,0.06,1,4085.1
S109,short,1,2026-07-08 15:57:09,0.02,1,4077.4899999999993
S110,short,1,2026-07-08 16:02:02,0.02,1,4075.5100000000007
S110,short,2,2026-07-08 16:04:12,0.02,1,4076.93
S110,short,3,2026-07-08 16:04:55,0.03,1,4079.38
S110,short,4,2026-07-08 16:05:38,0.04,1,4079.63
S110,short,5,2026-07-08 16:05:51,0.05,1,4081.26
S111,short,1,2026-07-08 16:26:19,0.02,1,4073.7299999999996
S112,short,1,2026-07-08 16:32:12,0.02,1,4076.82
S112,short,2,2026-07-08 16:33:01,0.02,1,4078.71
S113,short,1,2026-07-08 16:36:37,0.02,1,4075.5100000000007
S113,short,2,2026-07-08 16:39:44,0.02,1,4079.01
S114,short,1,2026-07-08 17:26:15,0.02,1,4064.56
S115,short,1,2026-07-08 17:34:30,0.02,1,4056.35
S116,short,1,2026-07-08 17:40:06,0.02,1,4043.9900000000002
S117,short,1,2026-07-08 17:42:56,0.02,1,4044.0499999999997
S118,short,1,2026-07-08 17:44:45,0.02,1,4036.4000000000005
S119,short,1,2026-07-08 17:47:04,0.02,1,4035.29
S120,short,1,2026-07-08 17:48:09,0.02,1,4038.29
S121,short,1,2026-07-08 18:17:56,0.02,1,4030.55
S121,short,2,2026-07-08 18:19:49,0.02,1,4032.4200000000005
S121,short,3,2026-07-08 18:21:00,0.03,1,4034.55
S122,short,1,2026-07-08 18:28:22,0.02,1,4030.6899999999996
S123,short,1,2026-07-08 18:36:04,0.02,1,4029.3800000000006
S123,short,2,2026-07-08 18:38:55,0.02,1,4030.59
S123,short,3,2026-07-08 18:44:42,0.03,1,4032.37
S123,short,4,2026-07-08 18:50:35,0.04,1,4034.5399999999995
S123,short,5,2026-07-08 18:53:40,0.05,1,4037.06
S124,short,1,2026-07-08 19:04:51,0.02,1,4036.37
S124,short,2,2026-07-08 19:06:31,0.02,1,4038.35
S124,short,3,2026-07-08 19:07:53,0.03,1,4039.41
S124,short,4,2026-07-08 19:11:34,0.04,1,4040.82
S124,short,5,2026-07-08 19:27:41,0.05,1,4044.51
S124,short,6,2026-07-08 19:31:28,0.06,1,4046.21
S125,short,1,2026-07-08 19:39:47,0.04,2,4043.74
S125,short,2,2026-07-08 19:40:49,0.03,1,4049.11
S125,short,3,2026-07-08 19:42:37,0.04,1,4049.3
S125,short,4,2026-07-08 19:43:58,0.05,1,4052.4
S125,short,5,2026-07-08 19:45:13,0.06,1,4056.69
S125,short,6,2026-07-08 19:49:22,0.08,1,4057.85
S125,short,7,2026-07-08 19:52:55,0.11,1,4061.49
S125,short,8,2026-07-08 19:55:30,0.14,1,4063.2600000000007
S125,short,9,2026-07-08 20:07:11,0.18,1,4067.06
S125,short,10,2026-07-08 20:13:47,0.23,1,4068.4
S125,short,11,2026-07-08 20:22:43,0.3,1,4069.7600000000007
S125,short,12,2026-07-08 20:25:55,0.39,1,4071.2
S125,short,13,2026-07-08 20:29:01,0.51,1,4071.6099999999997
S125,short,14,2026-07-08 20:31:35,0.67,1,4074.58
S126,short,1,2026-07-08 21:01:26,0.02,1,4070.86
S126,short,2,2026-07-08 21:02:09,0.02,1,4073.31
S127,short,1,2026-07-09 08:35:13,0.02,1,4070.3
S127,short,2,2026-07-09 08:39:47,0.02,1,4075.62
S127,short,3,2026-07-09 08:50:13,0.03,1,4078.72
S127,short,4,2026-07-09 08:51:28,0.04,1,4081.26
S127,short,5,2026-07-09 08:57:45,0.05,1,4082.8700000000003
S127,short,6,2026-07-09 09:00:33,0.06,1,4097.23
S127,short,7,2026-07-09 09:22:32,0.08,1,4099.31
S127,short,8,2026-07-09 09:26:21,0.11,1,4100.96
S127,short,9,2026-07-09 09:33:48,0.14,1,4105.27
S127,short,10,2026-07-09 10:00:03,0.18,1,4107.57
S127,short,11,2026-07-09 10:02:27,0.23,1,4109.04
S127,short,12,2026-07-09 11:17:48,0.3,1,4111.77
S127,short,13,2026-07-09 11:21:34,0.39,1,4113.78
S127,short,14,2026-07-09 11:23:39,0.51,1,4116.1
S128,short,1,2026-07-09 12:18:49,0.02,1,4110.69
S129,short,1,2026-07-09 13:05:13,0.02,1,4108.74
S130,short,1,2026-07-09 14:05:23,0.02,1,4102.72
S131,short,1,2026-07-09 14:13:26,0.02,1,4104.12
S131,short,2,2026-07-09 14:18:15,0.02,1,4106.04
S132,short,1,2026-07-09 14:42:50,0.02,1,4108.12
S132,short,2,2026-07-09 14:56:42,0.02,1,4108.82
S132,short,3,2026-07-09 15:08:19,0.03,1,4111.93
S132,short,4,2026-07-09 15:09:01,0.04,1,4118.2
S133,short,1,2026-07-09 15:32:34,0.02,1,4111.37
S133,short,2,2026-07-09 15:34:12,0.02,1,4112.42
S133,short,3,2026-07-09 15:35:14,0.03,1,4115.9
S133,short,4,2026-07-09 15:35:39,0.04,1,4116.78
S133,short,5,2026-07-09 15:38:16,0.05,1,4119.86
S134,short,1,2026-07-09 16:08:55,0.02,1,4116.34
S134,short,2,2026-07-09 16:14:38,0.02,1,4120.05
S134,short,3,2026-07-09 16:15:32,0.03,1,4122.87
S134,short,4,2026-07-09 16:17:12,0.04,1,4125.05
S135,short,1,2026-07-09 16:23:26,0.02,1,4123.34
S135,short,2,2026-07-09 16:25:23,0.02,1,4126.18
S136,short,1,2026-07-09 16:33:06,0.02,1,4124.84
S136,short,2,2026-07-09 16:34:17,0.02,1,4128.23
S137,short,1,2026-07-09 16:44:33,0.02,1,4127.66
S138,short,1,2026-07-09 17:00:12,0.02,1,4123.66
S138,short,2,2026-07-09 17:00:36,0.02,1,4127.45
S138,short,3,2026-07-09 17:01:25,0.03,1,4130.53
S138,short,4,2026-07-09 17:04:06,0.04,1,4133.72
S138,short,5,2026-07-09 17:05:45,0.05,1,4135.3
S139,short,1,2026-07-09 17:25:36,0.02,1,4123.95
S139,short,2,2026-07-09 17:36:10,0.02,1,4125.47
S140,short,1,2026-07-09 17:54:03,0.02,1,4122.17
S140,short,2,2026-07-09 17:55:05,0.02,1,4123.19
S140,short,3,2026-07-09 17:59:03,0.03,1,4127.04
S140,short,4,2026-07-09 18:07:12,0.04,1,4129.49
S140,short,5,2026-07-09 18:46:37,0.05,1,4131.37
S141,short,1,2026-07-09 19:16:35,0.02,1,4132.18
S141,short,2,2026-07-09 19:30:25,0.02,1,4133.1
S141,short,3,2026-07-09 19:33:19,0.03,1,4136.51
S142,short,1,2026-07-10 17:48:55,0.44,5,4103.463181818182
S142,short,2,2026-07-10 17:49:07,0.04,1,4104.48
S142,short,3,2026-07-10 17:49:31,0.03,1,4106.51
S142,short,4,2026-07-10 17:50:10,0.18,1,4105.86
S143,short,1,2026-07-15 09:25:58,0.02,1,4027.6200000000003
S144,short,1,2026-07-15 09:37:18,0.02,1,4027.81
S144,short,2,2026-07-15 09:38:39,0.02,1,4029.71
S144,short,3,2026-07-15 09:45:05,0.03,1,4031.81
S145,short,1,2026-07-15 10:33:01,0.02,1,4025.1399999999994
S146,short,1,2026-07-15 11:02:56,0.02,1,4024.5400000000004
S147,short,1,2026-07-15 11:19:39,0.02,1,4024.24
S147,short,2,2026-07-15 11:30:39,0.02,1,4026.73
S147,short,3,2026-07-15 11:47:29,0.03,1,4028.1
S147,short,4,2026-07-15 11:55:27,0.04,1,4029.54
S147,short,5,2026-07-15 11:58:27,0.05,1,4031.77
S148,short,1,2026-07-15 13:00:37,0.02,1,4029.04
S148,short,2,2026-07-15 13:07:38,0.02,1,4032.12
S148,short,3,2026-07-15 13:14:44,0.03,1,4034.6099999999997
S149,short,1,2026-07-15 13:40:23,0.02,1,4032.98
S150,short,1,2026-07-15 14:42:09,0.02,1,4037.8300000000004
S150,short,2,2026-07-15 15:02:13,0.02,1,4038.98
S150,short,3,2026-07-15 15:04:28,0.03,1,4041.6
S151,short,1,2026-07-15 15:30:24,0.04,2,4048.8399999999997
S151,short,2,2026-07-15 15:30:47,0.03,1,4049.98
S151,short,3,2026-07-15 15:31:06,0.09,2,4049.075555555556
S151,short,4,2026-07-15 15:32:55,0.06,1,4052.54
S151,short,5,2026-07-15 15:34:30,0.08,1,4052.99
S151,short,6,2026-07-15 15:35:26,0.11,1,4057.77
S151,short,7,2026-07-15 15:36:49,0.14,1,4059.2
S151,short,8,2026-07-15 15:37:53,0.18,1,4063.23
S151,short,9,2026-07-15 15:39:35,0.23,1,4064.42
S151,short,10,2026-07-15 15:58:35,0.3,1,4069.2000000000003
S151,short,11,2026-07-15 15:58:48,0.39,1,4070.0899999999997
S151,short,12,2026-07-15 16:05:27,0.51,1,4072.8799999999997
S152,short,1,2026-07-15 16:31:15,0.02,1,4058.6
S152,short,2,2026-07-15 16:36:32,0.02,1,4060.5600000000004
S152,short,3,2026-07-15 16:42:19,0.03,1,4061.91
S153,short,1,2026-07-15 16:55:19,0.02,1,4059.18
S153,short,2,2026-07-15 16:56:13,0.02,1,4060.67
S153,short,3,2026-07-15 16:57:52,0.03,1,4063.86
S154,short,1,2026-07-15 17:30:47,0.02,1,4059.12
S155,short,1,2026-07-16 04:41:08,0.11000000000000001,4,4044.2490909090902
S156,short,1,2026-07-16 05:23:24,0.02,1,4033.7399999999993
S157,short,1,2026-07-16 05:50:24,0.02,1,4028.98
S158,short,1,2026-07-16 05:52:02,0.02,1,4024.91
S158,short,2,2026-07-16 06:30:03,0.02,1,4033.47
S158,short,3,2026-07-16 06:45:20,0.02,1,4034.8600000000006
S158,short,4,2026-07-16 07:15:02,0.03,1,4035.84
S159,short,1,2026-07-16 08:44:52,0.02,1,4032.17
S160,short,1,2026-07-16 09:01:03,0.02,1,4030.0299999999997
S160,short,2,2026-07-16 09:03:13,0.02,1,4031.84
S160,short,3,2026-07-16 09:05:44,0.03,1,4034.39
S161,short,1,2026-07-16 09:49:22,0.02,1,4027.8600000000006
S161,short,2,2026-07-16 09:59:03,0.02,1,4030.52
S162,short,1,2026-07-16 10:47:21,0.02,1,4028.84
S162,short,2,2026-07-16 10:49:08,0.02,1,4030.4
S163,short,1,2026-07-16 11:03:17,0.02,1,4032.87
S164,short,1,2026-07-16 11:20:52,0.02,1,4030.57
S164,short,2,2026-07-16 11:26:42,0.02,1,4032.59
S164,short,3,2026-07-16 11:37:25,0.03,1,4034.54
S164,short,4,2026-07-16 12:04:08,0.04,1,4036.09
S165,short,1,2026-07-16 12:55:03,0.02,1,4034.92
S166,short,1,2026-07-16 14:37:34,0.02,1,4031.17
S166,short,2,2026-07-16 14:44:18,0.02,1,4034.39
S166,short,3,2026-07-16 14:47:08,0.03,1,4038.95
S166,short,4,2026-07-16 14:49:16,0.04,1,4041.1
S167,short,1,2026-07-16 14:51:12,0.02,1,4033.6799999999994
S167,short,2,2026-07-16 14:52:04,0.02,1,4035.6
S167,short,3,2026-07-16 14:54:54,0.03,1,4038.99
S167,short,4,2026-07-16 15:03:57,0.04,1,4041.0400000000004
S168,short,1,2026-07-16 15:17:35,0.02,1,4020.98
S168,short,2,2026-07-16 15:18:14,0.02,1,4023.99
S168,short,3,2026-07-16 15:18:56,0.03,1,4027.14
S169,short,1,2026-07-16 15:30:06,0.02,1,4022.33
S170,short,1,2026-07-16 15:44:41,0.02,1,4001.18
S171,short,1,2026-07-16 15:47:05,0.02,1,4007.26
S172,short,1,2026-07-16 15:47:53,0.02,1,4003.3900000000003
S173,short,1,2026-07-16 15:48:01,0.02,1,4000.02
S174,short,1,2026-07-16 15:50:05,0.02,1,3999.3899999999994
S175,short,1,2026-07-16 15:50:20,0.02,1,3996.94
S175,short,2,2026-07-16 15:52:39,0.02,1,4000.48
S176,short,1,2026-07-16 15:54:34,0.02,1,3995.5899999999997
S177,short,1,2026-07-16 15:55:19,0.02,1,3992.31
S178,short,1,2026-07-16 15:57:41,0.02,1,3994.1300000000006
S179,short,1,2026-07-16 15:59:39,0.02,1,3992.22
S179,short,2,2026-07-16 16:00:32,0.02,1,3994.1500000000005
S180,short,1,2026-07-16 16:00:48,0.02,1,3992.3899999999994
S181,short,1,2026-07-16 16:02:59,0.02,1,3978.79
S182,short,1,2026-07-16 16:03:09,0.02,1,3979.9
S182,short,2,2026-07-16 16:03:59,0.02,1,3985.09
S183,short,1,2026-07-16 16:04:42,0.02,1,3979.07
S184,short,1,2026-07-16 16:05:59,0.02,1,3983.36
S184,short,2,2026-07-16 16:07:40,0.02,1,3985.84
S184,short,3,2026-07-16 16:10:50,0.02,1,3986.73
S184,short,4,2026-07-16 16:11:32,0.03,1,3986.88
S184,short,5,2026-07-16 16:12:43,0.04,1,3989.17
S184,short,6,2026-07-16 16:13:44,0.05,1,3992.7700000000004
S184,short,7,2026-07-16 16:16:29,0.06,1,3994.77
S184,short,8,2026-07-16 16:24:34,0.08,1,3998.12
S184,short,9,2026-07-16 16:26:49,0.11,1,4001.03
S184,short,10,2026-07-16 16:27:20,0.14,1,4002.27
S184,short,11,2026-07-16 16:29:52,0.18,1,4005.1000000000004
S184,short,12,2026-07-16 16:30:12,0.23,1,4007.12
S185,short,1,2026-07-16 16:43:57,0.02,1,3988.16
S185,short,2,2026-07-16 16:46:54,0.02,1,3990.8799999999997
S185,short,3,2026-07-16 16:47:35,0.03,1,3991.61
S185,short,4,2026-07-16 16:50:50,0.04,1,3994.6999999999994
S186,short,1,2026-07-16 17:01:25,0.02,1,3996.17
S187,short,1,2026-07-16 17:16:18,0.02,1,3990.6999999999994
S187,short,2,2026-07-16 17:17:08,0.02,1,3992.79
S187,short,3,2026-07-16 17:18:38,0.03,1,3994.97
S188,short,1,2026-07-16 17:27:31,0.02,1,3998.89
S188,short,2,2026-07-16 17:34:05,0.02,1,4001.8599999999997
S188,short,3,2026-07-16 17:34:48,0.03,1,4003.15
S188,short,4,2026-07-16 17:45:06,0.04,1,4003.93
S189,short,1,2026-07-16 17:57:40,0.02,1,3997.2700000000004
S190,short,1,2026-07-16 18:18:30,0.02,1,3996.96
S190,short,2,2026-07-16 18:20:40,0.02,1,3999.9
S190,short,3,2026-07-16 18:21:57,0.03,1,4002.79
S190,short,4,2026-07-16 18:23:07,0.04,1,4005.55
S190,short,5,2026-07-16 18:24:25,0.05,1,4008.17
S190,short,6,2026-07-16 18:26:03,0.06,1,4016.1
S191,short,1,2026-07-16 19:18:51,0.02,1,3987.8100000000004
S192,short,1,2026-07-16 19:21:24,0.02,1,3987.43
S193,short,1,2026-07-17 06:28:12,0.48,6,4000.6158333333337
S193,short,2,2026-07-17 06:28:22,0.03,1,4000.76
S194,short,1,2026-07-17 09:11:36,0.03,1,3998.01
S194,short,2,2026-07-17 09:18:36,0.04,1,4001.1299999999997
S194,short,3,2026-07-17 09:20:47,0.05,1,4003.38
S194,short,4,2026-07-17 09:23:16,0.06,1,4004.14
S194,short,5,2026-07-17 09:30:32,0.08,1,4004.7399999999993
S195,short,1,2026-07-17 16:04:42,0.03,1,3973.86
S196,short,1,2026-07-17 16:38:14,0.03,1,3984.37
S196,short,2,2026-07-17 16:38:20,0.04,1,3985.94
S196,short,3,2026-07-17 16:38:36,0.05,1,3988.8300000000004
S196,short,4,2026-07-17 16:39:03,0.06,1,3990.74
S196,short,5,2026-07-17 16:39:25,0.08,1,4001.33
S196,short,6,2026-07-17 16:39:34,0.11,1,3998.69
S197,short,1,2026-07-17 16:50:47,0.03,1,3991.34
S197,short,2,2026-07-17 16:53:44,0.04,1,3992.5200000000004
S198,short,1,2026-07-17 17:00:11,0.03,1,3997.95
S199,short,1,2026-07-17 18:08:26,0.04,2,4006.3050000000003
S199,short,2,2026-07-17 18:08:52,0.03,1,4006.04
S199,short,3,2026-07-17 18:10:56,0.04,1,4010.74
S200,short,1,2026-07-17 18:18:15,0.02,1,4007.2899999999995
S200,short,2,2026-07-17 18:21:23,0.02,1,4008.59
S200,short,3,2026-07-17 18:22:35,0.03,1,4011.43
S201,short,1,2026-07-20 06:38:37,0.41000000000000003,8,4023.8968292682925
S202,short,1,2026-07-20 07:55:31,0.11,1,4021.51
S202,short,2,2026-07-20 07:55:46,0.08,1,4019.39
S203,short,1,2026-07-20 07:56:06,0.06,1,4019.15
S203,short,2,2026-07-20 07:56:14,0.16,5,4019.24
S204,short,1,2026-07-20 08:32:31,0.02,1,4011.01
S205,short,1,2026-07-20 08:46:37,0.02,1,4008.65
S206,short,1,2026-07-20 10:25:03,0.02,1,4005.7900000000004
S207,short,1,2026-07-20 10:25:43,0.02,1,4004.63
S207,short,2,2026-07-20 10:35:53,0.02,1,4014.12
S207,short,3,2026-07-20 10:37:07,0.02,1,4016.63
S207,short,4,2026-07-20 10:41:04,0.03,1,4018.4
S207,short,5,2026-07-20 10:45:03,0.04,1,4019.8100000000004
S207,short,6,2026-07-20 11:01:05,0.05,1,4022.05
S207,short,7,2026-07-20 11:02:53,0.06,1,4023.67
S207,short,8,2026-07-20 11:17:13,0.08,1,4027.0300000000007
S207,short,9,2026-07-20 11:25:01,0.11,1,4029.29
S208,short,1,2026-07-20 11:39:23,0.02,1,4023.18
S209,short,1,2026-07-20 12:14:56,0.02,1,4019.36
S209,short,2,2026-07-20 12:18:47,0.02,1,4020.9
S210,short,1,2026-07-20 12:36:10,0.02,1,4019.42
S210,short,2,2026-07-20 12:50:04,0.02,1,4020.6499999999996
S210,short,3,2026-07-20 13:24:56,0.03,1,4021.56
S210,short,4,2026-07-20 13:54:51,0.04,1,4024.51
S210,short,5,2026-07-20 14:01:44,0.05,1,4026.3300000000004
S211,short,1,2026-07-20 14:30:26,0.02,1,4029.48
S211,short,2,2026-07-20 14:30:38,0.02,1,4031.26
S211,short,3,2026-07-20 14:30:44,0.03,1,4030.11
S212,short,1,2026-07-20 14:34:26,0.02,1,4039.56
S212,short,2,2026-07-20 14:34:44,0.02,1,4039.04
S213,short,1,2026-07-20 15:03:37,0.02,1,4014.74
S214,short,1,2026-07-20 15:27:16,0.02,1,4010.4599999999996
S214,short,2,2026-07-20 15:27:47,0.02,1,4011.8899999999994
S214,short,3,2026-07-20 15:36:24,0.02,1,4013.0300000000007
S215,short,1,2026-07-20 15:45:26,0.02,1,4011.2999999999997
S215,short,2,2026-07-20 15:46:36,0.02,1,4013.04
S215,short,3,2026-07-20 15:48:10,0.03,1,4014.17
S216,short,1,2026-07-20 15:50:47,0.02,1,4010.05
S217,short,1,2026-07-20 16:07:43,0.02,1,4009.2
S218,short,1,2026-07-20 16:15:22,0.02,1,4007.3500000000004
S218,short,2,2026-07-20 16:31:40,0.02,1,4012.7299999999996
S218,short,3,2026-07-20 16:32:30,0.02,1,4013.98
S219,short,1,2026-07-20 16:35:26,0.02,1,4008.7899999999995
S219,short,2,2026-07-20 16:40:20,0.02,1,4014.64
S220,short,1,2026-07-20 17:14:36,0.02,1,3998.8300000000004
S220,short,2,2026-07-20 17:19:16,0.02,1,4001.3000000000006
S221,short,1,2026-07-20 17:21:14,0.02,1,3998.52
S222,short,1,2026-07-20 17:39:21,0.02,1,4009.8800000000006
S223,short,1,2026-07-20 17:47:58,0.02,1,4011.35
S224,short,1,2026-07-20 18:03:30,0.02,1,4009.0900000000006
S224,short,2,2026-07-20 18:09:03,0.02,1,4013.0300000000007
S224,short,3,2026-07-20 18:09:53,0.03,1,4016.68
S224,short,4,2026-07-20 18:10:03,0.04,1,4017.62
S225,short,1,2026-07-20 18:26:24,0.02,1,4014.9699999999993
S226,short,1,2026-07-20 19:41:54,0.02,1,4004.64
S226,short,2,2026-07-20 19:42:30,0.02,1,4007.5100000000007
S226,short,3,2026-07-20 19:42:58,0.03,1,4008.83
S226,short,4,2026-07-20 20:01:05,0.04,1,4010.82
S227,short,1,2026-07-21 08:41:32,0.11000000000000001,4,4064.2090909090903
S227,short,2,2026-07-21 08:42:10,0.05,1,4063.6400000000003
S227,short,3,2026-07-21 08:43:35,0.06,1,4065.7
S227,short,4,2026-07-21 09:10:38,0.08,1,4066.7799999999997
S227,short,5,2026-07-21 09:11:30,0.11,1,4069.56
S227,short,6,2026-07-21 09:13:50,0.14,1,4071.0800000000004
S227,short,7,2026-07-21 09:24:24,0.18,1,4073.24
S227,short,8,2026-07-21 09:36:45,0.23,1,4074.54
S227,short,9,2026-07-21 09:42:01,0.3,1,4078.2400000000002
S227,short,10,2026-07-21 09:42:19,0.39,1,4079.6499999999996
S227,short,11,2026-07-21 09:49:43,0.51,1,4083.09
S228,short,1,2026-07-21 12:05:46,0.02,1,4065.01
S228,short,2,2026-07-21 12:20:42,0.02,1,4066.8800000000006
S229,short,1,2026-07-21 12:50:03,0.02,1,4065.2800000000007
S229,short,2,2026-07-21 12:55:02,0.02,1,4068.3399999999997
S230,short,1,2026-07-21 13:11:29,0.02,1,4065.86
S230,short,2,2026-07-21 13:24:50,0.02,1,4067.4700000000003
S231,short,1,2026-07-21 14:37:24,0.02,1,4059.83
S232,short,1,2026-07-21 15:08:01,0.02,1,4059.96
S233,short,1,2026-07-21 15:24:44,0.02,1,4064.74
S234,short,1,2026-07-21 15:49:37,0.02,1,4061.05
S235,short,1,2026-07-21 16:03:15,0.02,1,4059.87
S236,short,1,2026-07-21 16:15:29,0.02,1,4061.0
S237,short,1,2026-07-21 16:33:21,0.02,1,4054.1600000000003
S237,short,2,2026-07-21 16:34:56,0.02,1,4055.89
S238,short,1,2026-07-21 16:49:33,0.02,1,4049.4099999999994
S238,short,2,2026-07-21 16:55:05,0.02,1,4051.56
S238,short,3,2026-07-21 17:00:11,0.03,1,4052.78
S238,short,4,2026-07-21 17:05:41,0.04,1,4055.9400000000005
S238,short,5,2026-07-21 17:06:45,0.05,1,4058.33
S238,short,6,2026-07-21 17:11:25,0.06,1,4059.69
S238,short,7,2026-07-21 17:12:33,0.08,1,4063.87
S238,short,8,2026-07-21 17:18:47,0.11,1,4066.49
S238,short,9,2026-07-21 17:31:01,0.14,1,4072.63
S238,short,10,2026-07-21 18:18:04,0.41000000000000003,2,4077.448536585366
S238,short,11,2026-07-21 18:33:10,0.3,1,4080.6899999999996
S239,short,1,2026-07-22 07:41:27,0.8600000000000001,7,4126.747209302325
S240,short,1,2026-07-22 15:02:53,0.81,5,4124.664814814814
S240,short,2,2026-07-22 15:03:11,0.03,1,4125.53
S240,short,3,2026-07-22 15:03:28,0.02,1,4125.88
S241,short,1,2026-07-22 16:03:39,0.8600000000000001,7,4117.455465116279
S241,short,2,2026-07-22 16:25:10,0.8400000000000001,6,4132.184047619047
S241,short,3,2026-07-22 16:58:08,0.86,1,4149.96
S241,short,4,2026-07-22 19:25:01,1.1,2,4151.98
